match id,dataset_type,win_pred_team_id,win_pred_score,train_algorithm,is_ensemble,train_hps_trees,train_hps_depth,train_hps_lr,indep_feat_id1,indep_feat_id2,indep_feat_id3,indep_feat_id4,indep_feat_id5,indep_feat_id6,indep_feat_id7,indep_feat_id8,indep_feat_id9,indep_feat_id10
9250275,r1,90,0.6,LightGBM,no,100.0,1.0,0.1,,,,,,,,,,
9262189,r1,36084,0.6,LightGBM,no,100.0,1.0,0.1,,,,,,,,,,
9128776,r1,48334,0.6,LightGBM,no,100.0,1.0,0.1,,,,,,,,,,
9586919,r1,36112,0.6,LightGBM,no,100.0,1.0,0.1,,,,,,,,,,
9128538,r1,30414,0.6,LightGBM,no,100.0,1.0,0.1,,,,,,,,,,
9516653,r1,30435,0.6,LightGBM,no,100.0,1.0,0.1,,,,,,,,,,
9516534,r1,30414,0.6,LightGBM,no,100.0,1.0,0.1,,,,,,,,,,
9085474,r1,9701,0.6,LightGBM,no,100.0,1.0,0.1,,,,,,,,,,
9433752,r1,7727,0.6,LightGBM,no,100.0,1.0,0.1,,,,,,,,,,
9516359,r1,36014,0.6,LightGBM,no,100.0,1.0,0.1,,,,,,,,,,
9262133,r1,36098,0.6,LightGBM,no,100.0,1.0,0.1,,,,,,,,,,
9782086,r1,272,0.6,LightGBM,no,100.0,1.0,0.1,,,,,,,,,,
9271807,r1,47487,0.6,LightGBM,no,100.0,1.0,0.1,,,,,,,,,,
9644102,r1,48,0.6,LightGBM,no,100.0,1.0,0.1,,,,,,,,,,
9256386,r1,62,0.6,LightGBM,no,100.0,1.0,0.1,,,,,,,,,,
9272773,r1,33921,0.6,LightGBM,no,100.0,1.0,0.1,,,,,,,,,,
9433850,r1,6698,0.6,LightGBM,no,100.0,1.0,0.1,,,,,,,,,,
9615073,r1,41,0.6,LightGBM,no,100.0,1.0,0.1,,,,,,,,,,
9262035,r1,36070,0.6,LightGBM,no,100.0,1.0,0.1,,,,,,,,,,
9262252,r1,36070,0.6,LightGBM,no,100.0,1.0,0.1,,,,,,,,,,
9128363,r1,48334,0.6,LightGBM,no,100.0,1.0,0.1,,,,,,,,,,
9085292,r1,10366,0.6,LightGBM,no,100.0,1.0,0.1,,,,,,,,,,
9272444,r1,33942,0.6,LightGBM,no,100.0,1.0,0.1,,,,,,,,,,
9457538,r1,42573,0.6,LightGBM,no,100.0,1.0,0.1,,,,,,,,,,
9433108,r1,9701,0.6,LightGBM,no,100.0,1.0,0.1,,,,,,,,,,
9516674,r1,30414,0.6,LightGBM,no,100.0,1.0,0.1,,,,,,,,,,
9684506,r1,12389,0.6,LightGBM,no,100.0,1.0,0.1,,,,,,,,,,
9167927,r1,209,0.6,LightGBM,no,100.0,1.0,0.1,,,,,,,,,,
9433885,r1,8987,0.6,LightGBM,no,100.0,1.0,0.1,,,,,,,,,,
9433899,r1,7727,0.6,LightGBM,no,100.0,1.0,0.1,,,,,,,,,,
9087147,r1,76,0.6,LightGBM,no,100.0,1.0,0.1,,,,,,,,,,
9457664,r1,42573,0.6,LightGBM,no,100.0,1.0,0.1,,,,,,,,,,
9097395,r1,23750,0.6,LightGBM,no,100.0,1.0,0.1,,,,,,,,,,
9271800,r1,47480,0.6,LightGBM,no,100.0,1.0,0.1,,,,,,,,,,
9087042,r1,48,0.6,LightGBM,no,100.0,1.0,0.1,,,,,,,,,,
9457510,r1,40452,0.6,LightGBM,no,100.0,1.0,0.1,,,,,,,,,,
9085040,r1,7608,0.6,LightGBM,no,100.0,1.0,0.1,,,,,,,,,,
9085418,r1,10576,0.6,LightGBM,no,100.0,1.0,0.1,,,,,,,,,,
9331398,r1,11591,0.6,LightGBM,no,100.0,1.0,0.1,,,,,,,,,,
9272507,r1,33963,0.6,LightGBM,no,100.0,1.0,0.1,,,,,,,,,,
9225376,r1,48,0.6,LightGBM,no,100.0,1.0,0.1,,,,,,,,,,
9516338,r1,30414,0.6,LightGBM,no,100.0,1.0,0.1,,,,,,,,,,
9440493,r1,55,0.6,LightGBM,no,100.0,1.0,0.1,,,,,,,,,,
9457447,r1,40298,0.6,LightGBM,no,100.0,1.0,0.1,,,,,,,,,,
9077011,r1,42573,0.6,LightGBM,no,100.0,1.0,0.1,,,,,,,,,,
9085355,r1,9701,0.6,LightGBM,no,100.0,1.0,0.1,,,,,,,,,,
9076997,r1,47529,0.6,LightGBM,no,100.0,1.0,0.1,,,,,,,,,,
9587136,r1,36126,0.6,LightGBM,no,100.0,1.0,0.1,,,,,,,,,,
8887801,r1,33928,0.6,LightGBM,no,100.0,1.0,0.1,,,,,,,,,,
9684667,r1,15301,0.6,LightGBM,no,100.0,1.0,0.1,,,,,,,,,,
9330789,r1,12473,0.6,LightGBM,no,100.0,1.0,0.1,,,,,,,,,,
9098844,r1,188,0.6,LightGBM,no,100.0,1.0,0.1,,,,,,,,,,
9331335,r1,14454,0.6,LightGBM,no,100.0,1.0,0.1,,,,,,,,,,
9085187,r1,7258,0.6,LightGBM,no,100.0,1.0,0.1,,,,,,,,,,
9051104,r1,40564,0.6,LightGBM,no,100.0,1.0,0.1,,,,,,,,,,
9271730,r1,47501,0.6,LightGBM,no,100.0,1.0,0.1,,,,,,,,,,
9051048,r1,40564,0.6,LightGBM,no,100.0,1.0,0.1,,,,,,,,,,
9407782,r1,48922,0.6,LightGBM,no,100.0,1.0,0.1,,,,,,,,,,
9272542,r1,33942,0.6,LightGBM,no,100.0,1.0,0.1,,,,,,,,,,
9377339,r1,62,0.6,LightGBM,no,100.0,1.0,0.1,,,,,,,,,,
8950780,r1,55,0.6,LightGBM,no,100.0,1.0,0.1,,,,,,,,,,
9290917,r1,55,0.6,LightGBM,no,100.0,1.0,0.1,,,,,,,,,,
9084655,r1,6698,0.6,LightGBM,no,100.0,1.0,0.1,,,,,,,,,,
9516569,r1,36014,0.6,LightGBM,no,100.0,1.0,0.1,,,,,,,,,,
9085215,r1,6698,0.6,LightGBM,no,100.0,1.0,0.1,,,,,,,,,,
9292569,r1,34,0.6,LightGBM,no,100.0,1.0,0.1,,,,,,,,,,
9272738,r1,33935,0.6,LightGBM,no,100.0,1.0,0.1,,,,,,,,,,
9331216,r1,14454,0.6,LightGBM,no,100.0,1.0,0.1,,,,,,,,,,
9128356,r1,30407,0.6,LightGBM,no,100.0,1.0,0.1,,,,,,,,,,
9516807,r1,48334,0.6,LightGBM,no,100.0,1.0,0.1,,,,,,,,,,
9377318,r1,62,0.6,LightGBM,no,100.0,1.0,0.1,,,,,,,,,,
9084613,r1,7727,0.6,LightGBM,no,100.0,1.0,0.1,,,,,,,,,,
9330705,r1,12389,0.6,LightGBM,no,100.0,1.0,0.1,,,,,,,,,,
9717518,r1,48,0.6,LightGBM,no,100.0,1.0,0.1,,,,,,,,,,
9433535,r1,8056,0.6,LightGBM,no,100.0,1.0,0.1,,,,,,,,,,
9692451,r1,55,0.6,LightGBM,no,100.0,1.0,0.1,,,,,,,,,,
9489451,r1,46731,0.6,LightGBM,no,100.0,1.0,0.1,,,,,,,,,,
9272549,r1,33921,0.6,LightGBM,no,100.0,1.0,0.1,,,,,,,,,,
9539718,r1,62,0.6,LightGBM,no,100.0,1.0,0.1,,,,,,,,,,
9516779,r1,30421,0.6,LightGBM,no,100.0,1.0,0.1,,,,,,,,,,
8887780,r1,33928,0.6,LightGBM,no,100.0,1.0,0.1,,,,,,,,,,
9220070,r1,41,0.6,LightGBM,no,100.0,1.0,0.1,,,,,,,,,,
9407733,r1,48929,0.6,LightGBM,no,100.0,1.0,0.1,,,,,,,,,,
9076822,r1,40298,0.6,LightGBM,no,100.0,1.0,0.1,,,,,,,,,,
9051097,r1,44904,0.6,LightGBM,no,100.0,1.0,0.1,,,,,,,,,,
9484593,r1,40550,0.6,LightGBM,no,100.0,1.0,0.1,,,,,,,,,,
9128426,r1,30393,0.6,LightGBM,no,100.0,1.0,0.1,,,,,,,,,,
9085278,r1,7727,0.6,LightGBM,no,100.0,1.0,0.1,,,,,,,,,,
9271695,r1,47501,0.6,LightGBM,no,100.0,1.0,0.1,,,,,,,,,,
9684051,r1,12669,0.6,LightGBM,no,100.0,1.0,0.1,,,,,,,,,,
9516443,r1,30421,0.6,LightGBM,no,100.0,1.0,0.1,,,,,,,,,,
9085327,r1,6698,0.6,LightGBM,no,100.0,1.0,0.1,,,,,,,,,,
9128552,r1,48334,0.6,LightGBM,no,100.0,1.0,0.1,,,,,,,,,,
9076983,r1,40298,0.6,LightGBM,no,100.0,1.0,0.1,,,,,,,,,,
9084956,r1,10618,0.6,LightGBM,no,100.0,1.0,0.1,,,,,,,,,,
9725764,r1,27,0.6,LightGBM,no,100.0,1.0,0.1,,,,,,,,,,
9433157,r1,7258,0.6,LightGBM,no,100.0,1.0,0.1,,,,,,,,,,
9457482,r1,40298,0.6,LightGBM,no,100.0,1.0,0.1,,,,,,,,,,
9097178,r1,202,0.6,LightGBM,no,100.0,1.0,0.1,,,,,,,,,,
9085362,r1,10576,0.6,LightGBM,no,100.0,1.0,0.1,,,,,,,,,,
9097185,r1,216,0.6,LightGBM,no,100.0,1.0,0.1,,,,,,,,,,
9457419,r1,47529,0.6,LightGBM,no,100.0,1.0,0.1,,,,,,,,,,
9684786,r1,15497,0.6,LightGBM,no,100.0,1.0,0.1,,,,,,,,,,
9272493,r1,33963,0.6,LightGBM,no,100.0,1.0,0.1,,,,,,,,,,
9272703,r1,33942,0.6,LightGBM,no,100.0,1.0,0.1,,,,,,,,,,
9388511,r1,17583,0.6,LightGBM,no,100.0,1.0,0.1,,,,,,,,,,
9262231,r1,36070,0.6,LightGBM,no,100.0,1.0,0.1,,,,,,,,,,
9087168,r1,27,0.6,LightGBM,no,100.0,1.0,0.1,,,,,,,,,,
9087210,r1,48,0.6,LightGBM,no,100.0,1.0,0.1,,,,,,,,,,
9433178,r1,7727,0.6,LightGBM,no,100.0,1.0,0.1,,,,,,,,,,
9051195,r1,40606,0.6,LightGBM,no,100.0,1.0,0.1,,,,,,,,,,
9433150,r1,8987,0.6,LightGBM,no,100.0,1.0,0.1,,,,,,,,,,
9128496,r1,30435,0.6,LightGBM,no,100.0,1.0,0.1,,,,,,,,,,
8938341,r1,55,0.6,LightGBM,no,100.0,1.0,0.1,,,,,,,,,,
9084662,r1,10576,0.6,LightGBM,no,100.0,1.0,0.1,,,,,,,,,,
9128398,r1,30435,0.6,LightGBM,no,100.0,1.0,0.1,,,,,,,,,,
9457608,r1,35790,0.6,LightGBM,no,100.0,1.0,0.1,,,,,,,,,,
9097269,r1,23316,0.6,LightGBM,no,100.0,1.0,0.1,,,,,,,,,,
9440563,r1,48,0.6,LightGBM,no,100.0,1.0,0.1,,,,,,,,,,
9457377,r1,45072,0.6,LightGBM,no,100.0,1.0,0.1,,,,,,,,,,
9087091,r1,20,0.6,LightGBM,no,100.0,1.0,0.1,,,,,,,,,,
9272388,r1,33956,0.6,LightGBM,no,100.0,1.0,0.1,,,,,,,,,,
9680222,r1,47487,0.6,LightGBM,no,100.0,1.0,0.1,,,,,,,,,,
9272682,r1,33921,0.6,LightGBM,no,100.0,1.0,0.1,,,,,,,,,,
9077039,r1,40298,0.6,LightGBM,no,100.0,1.0,0.1,,,,,,,,,,
9586961,r1,38814,0.6,LightGBM,no,100.0,1.0,0.1,,,,,,,,,,
9344313,r1,23113,0.6,LightGBM,no,100.0,1.0,0.1,,,,,,,,,,
9051160,r1,40550,0.6,LightGBM,no,100.0,1.0,0.1,,,,,,,,,,
9250394,r1,90,0.6,LightGBM,no,100.0,1.0,0.1,,,,,,,,,,
9331377,r1,11591,0.6,LightGBM,no,100.0,1.0,0.1,,,,,,,,,,
9849650,r1,209,0.6,LightGBM,no,100.0,1.0,0.1,,,,,,,,,,
9725778,r1,55,0.6,LightGBM,no,100.0,1.0,0.1,,,,,,,,,,
9225383,r1,48,0.6,LightGBM,no,100.0,1.0,0.1,,,,,,,,,,
9516429,r1,36014,0.6,LightGBM,no,100.0,1.0,0.1,,,,,,,,,,
9344383,r1,23750,0.6,LightGBM,no,100.0,1.0,0.1,,,,,,,,,,
9702748,r1,33963,0.6,LightGBM,no,100.0,1.0,0.1,,,,,,,,,,
9094399,r1,46780,0.6,LightGBM,no,100.0,1.0,0.1,,,,,,,,,,
9331055,r1,11157,0.6,LightGBM,no,100.0,1.0,0.1,,,,,,,,,,
9076871,r1,45072,0.6,LightGBM,no,100.0,1.0,0.1,,,,,,,,,,
9290959,r1,62,0.6,LightGBM,no,100.0,1.0,0.1,,,,,,,,,,
9330922,r1,11157,0.6,LightGBM,no,100.0,1.0,0.1,,,,,,,,,,
9128629,r1,48334,0.6,LightGBM,no,100.0,1.0,0.1,,,,,,,,,,
9051202,r1,40564,0.6,LightGBM,no,100.0,1.0,0.1,,,,,,,,,,
9407705,r1,48950,0.6,LightGBM,no,100.0,1.0,0.1,,,,,,,,,,
9388392,r1,18570,0.6,LightGBM,no,100.0,1.0,0.1,,,,,,,,,,
9152359,r1,48,0.6,LightGBM,no,100.0,1.0,0.1,,,,,,,,,,
9271779,r1,47494,0.6,LightGBM,no,100.0,1.0,0.1,,,,,,,,,,
9433549,r1,8182,0.6,LightGBM,no,100.0,1.0,0.1,,,,,,,,,,
9433255,r1,6698,0.6,LightGBM,no,100.0,1.0,0.1,,,,,,,,,,
9272605,r1,33935,0.6,LightGBM,no,100.0,1.0,0.1,,,,,,,,,,
9085271,r1,8987,0.6,LightGBM,no,100.0,1.0,0.1,,,,,,,,,,
9489367,r1,46752,0.6,LightGBM,no,100.0,1.0,0.1,,,,,,,,,,
9516401,r1,36014,0.6,LightGBM,no,100.0,1.0,0.1,,,,,,,,,,
9290931,r1,62,0.6,LightGBM,no,100.0,1.0,0.1,,,,,,,,,,
9516737,r1,36014,0.6,LightGBM,no,100.0,1.0,0.1,,,,,,,,,,
8887745,r1,33949,0.6,LightGBM,no,100.0,1.0,0.1,,,,,,,,,,
9027444,r1,18570,0.6,LightGBM,no,100.0,1.0,0.1,,,,,,,,,,
9457426,r1,40452,0.6,LightGBM,no,100.0,1.0,0.1,,,,,,,,,,
9407635,r1,48943,0.6,LightGBM,no,100.0,1.0,0.1,,,,,,,,,,
9263078,r1,76,0.6,LightGBM,no,100.0,1.0,0.1,,,,,,,,,,
9516625,r1,30428,0.6,LightGBM,no,100.0,1.0,0.1,,,,,,,,,,
9087112,r1,55,0.6,LightGBM,no,100.0,1.0,0.1,,,,,,,,,,
9388525,r1,17744,0.6,LightGBM,no,100.0,1.0,0.1,,,,,,,,,,
9087007,r1,41,0.6,LightGBM,no,100.0,1.0,0.1,,,,,,,,,,
9680194,r1,49657,0.6,LightGBM,no,100.0,1.0,0.1,,,,,,,,,,
9330677,r1,11465,0.6,LightGBM,no,100.0,1.0,0.1,,,,,,,,,,
9087140,r1,48,0.6,LightGBM,no,100.0,1.0,0.1,,,,,,,,,,
9592477,r1,48341,0.6,LightGBM,no,100.0,1.0,0.1,,,,,,,,,,
9388497,r1,17583,0.6,LightGBM,no,100.0,1.0,0.1,,,,,,,,,,
9051076,r1,40578,0.6,LightGBM,no,100.0,1.0,0.1,,,,,,,,,,
9077004,r1,40424,0.6,LightGBM,no,100.0,1.0,0.1,,,,,,,,,,
9076843,r1,40424,0.6,LightGBM,no,100.0,1.0,0.1,,,,,,,,,,
9684702,r1,45933,0.6,LightGBM,no,100.0,1.0,0.1,,,,,,,,,,
8844338,r1,27,0.6,LightGBM,no,100.0,1.0,0.1,,,,,,,,,,
9680243,r1,47487,0.6,LightGBM,no,100.0,1.0,0.1,,,,,,,,,,
9516513,r1,48334,0.6,LightGBM,no,100.0,1.0,0.1,,,,,,,,,,
9327555,r1,195,0.6,LightGBM,no,100.0,1.0,0.1,,,,,,,,,,
9094322,r1,46731,0.6,LightGBM,no,100.0,1.0,0.1,,,,,,,,,,
9085110,r1,10366,0.6,LightGBM,no,100.0,1.0,0.1,,,,,,,,,,
9084788,r1,8917,0.6,LightGBM,no,100.0,1.0,0.1,,,,,,,,,,
9150147,r1,216,0.6,LightGBM,no,100.0,1.0,0.1,,,,,,,,,,
9076976,r1,42573,0.6,LightGBM,no,100.0,1.0,0.1,,,,,,,,,,
8938411,r1,34,0.6,LightGBM,no,100.0,1.0,0.1,,,,,,,,,,
9262147,r1,36070,0.6,LightGBM,no,100.0,1.0,0.1,,,,,,,,,,
9027437,r1,18570,0.6,LightGBM,no,100.0,1.0,0.1,,,,,,,,,,
9097241,r1,23113,0.6,LightGBM,no,100.0,1.0,0.1,,,,,,,,,,
9680236,r1,49650,0.6,LightGBM,no,100.0,1.0,0.1,,,,,,,,,,
9657101,r1,251,0.6,LightGBM,no,100.0,1.0,0.1,,,,,,,,,,
9615087,r1,20,0.6,LightGBM,no,100.0,1.0,0.1,,,,,,,,,,
9272514,r1,33935,0.6,LightGBM,no,100.0,1.0,0.1,,,,,,,,,,
9459820,r1,20,0.6,LightGBM,no,100.0,1.0,0.1,,,,,,,,,,
9684408,r1,13474,0.6,LightGBM,no,100.0,1.0,0.1,,,,,,,,,,
9639118,r1,188,0.6,LightGBM,no,100.0,1.0,0.1,,,,,,,,,,
9516583,r1,30393,0.6,LightGBM,no,100.0,1.0,0.1,,,,,,,,,,
9433801,r1,8987,0.6,LightGBM,no,100.0,1.0,0.1,,,,,,,,,,
9330579,r1,45947,0.6,LightGBM,no,100.0,1.0,0.1,,,,,,,,,,
9176327,r1,48,0.6,LightGBM,no,100.0,1.0,0.1,,,,,,,,,,
9250289,r1,251,0.6,LightGBM,no,100.0,1.0,0.1,,,,,,,,,,
9433283,r1,8987,0.6,LightGBM,no,100.0,1.0,0.1,,,,,,,,,,
9433192,r1,7573,0.6,LightGBM,no,100.0,1.0,0.1,,,,,,,,,,
9051041,r1,40550,0.6,LightGBM,no,100.0,1.0,0.1,,,,,,,,,,
9262084,r1,38814,0.6,LightGBM,no,100.0,1.0,0.1,,,,,,,,,,
9484705,r1,40606,0.6,LightGBM,no,100.0,1.0,0.1,,,,,,,,,,
9457475,r1,42573,0.6,LightGBM,no,100.0,1.0,0.1,,,,,,,,,,
9830757,r1,76,0.6,LightGBM,no,100.0,1.0,0.1,,,,,,,,,,
9272458,r1,33935,0.6,LightGBM,no,100.0,1.0,0.1,,,,,,,,,,
9539725,r1,62,0.6,LightGBM,no,100.0,1.0,0.1,,,,,,,,,,
9684359,r1,14454,0.6,LightGBM,no,100.0,1.0,0.1,,,,,,,,,,
9263085,r1,76,0.6,LightGBM,no,100.0,1.0,0.1,,,,,,,,,,
9094266,r1,46759,0.6,LightGBM,no,100.0,1.0,0.1,,,,,,,,,,
9250324,r1,251,0.6,LightGBM,no,100.0,1.0,0.1,,,,,,,,,,
9587101,r1,38814,0.6,LightGBM,no,100.0,1.0,0.1,,,,,,,,,,
9433248,r1,8917,0.6,LightGBM,no,100.0,1.0,0.1,,,,,,,,,,
9094315,r1,46766,0.6,LightGBM,no,100.0,1.0,0.1,,,,,,,,,,
9128615,r1,36014,0.6,LightGBM,no,100.0,1.0,0.1,,,,,,,,,,
9094217,r1,46773,0.6,LightGBM,no,100.0,1.0,0.1,,,,,,,,,,
9094350,r1,46745,0.6,LightGBM,no,100.0,1.0,0.1,,,,,,,,,,
9094357,r1,46752,0.6,LightGBM,no,100.0,1.0,0.1,,,,,,,,,,
9388490,r1,18570,0.6,LightGBM,no,100.0,1.0,0.1,,,,,,,,,,
9087231,r1,34,0.6,LightGBM,no,100.0,1.0,0.1,,,,,,,,,,
9344362,r1,22763,0.6,LightGBM,no,100.0,1.0,0.1,,,,,,,,,,
9484649,r1,40592,0.6,LightGBM,no,100.0,1.0,0.1,,,,,,,,,,
9085397,r1,8700,0.6,LightGBM,no,100.0,1.0,0.1,,,,,,,,,,
9084767,r1,8182,0.6,LightGBM,no,100.0,1.0,0.1,,,,,,,,,,
9128741,r1,30421,0.6,LightGBM,no,100.0,1.0,0.1,,,,,,,,,,
9344355,r1,23750,0.6,LightGBM,no,100.0,1.0,0.1,,,,,,,,,,
9433486,r1,8056,0.6,LightGBM,no,100.0,1.0,0.1,,,,,,,,,,
9094238,r1,46759,0.6,LightGBM,no,100.0,1.0,0.1,,,,,,,,,,
9433346,r1,6838,0.6,LightGBM,no,100.0,1.0,0.1,,,,,,,,,,
9484698,r1,40578,0.6,LightGBM,no,100.0,1.0,0.1,,,,,,,,,,
9680278,r1,49657,0.6,LightGBM,no,100.0,1.0,0.1,,,,,,,,,,
9084879,r1,8056,0.6,LightGBM,no,100.0,1.0,0.1,,,,,,,,,,
9084921,r1,7727,0.6,LightGBM,no,100.0,1.0,0.1,,,,,,,,,,
9489332,r1,46745,0.6,LightGBM,no,100.0,1.0,0.1,,,,,,,,,,
9051125,r1,44904,0.6,LightGBM,no,100.0,1.0,0.1,,,,,,,,,,
9749690,r1,272,0.6,LightGBM,no,100.0,1.0,0.1,,,,,,,,,,
9167934,r1,209,0.6,LightGBM,no,100.0,1.0,0.1,,,,,,,,,,
9272745,r1,33928,0.6,LightGBM,no,100.0,1.0,0.1,,,,,,,,,,
9484607,r1,40578,0.6,LightGBM,no,100.0,1.0,0.1,,,,,,,,,,
9097409,r1,23869,0.6,LightGBM,no,100.0,1.0,0.1,,,,,,,,,,
9097283,r1,22763,0.6,LightGBM,no,100.0,1.0,0.1,,,,,,,,,,
9094420,r1,46745,0.6,LightGBM,no,100.0,1.0,0.1,,,,,,,,,,
9433094,r1,8182,0.6,LightGBM,no,100.0,1.0,0.1,,,,,,,,,,
9272626,r1,33942,0.6,LightGBM,no,100.0,1.0,0.1,,,,,,,,,,
9256554,r1,48,0.6,LightGBM,no,100.0,1.0,0.1,,,,,,,,,,
9484621,r1,40578,0.6,LightGBM,no,100.0,1.0,0.1,,,,,,,,,,
9484523,r1,44904,0.6,LightGBM,no,100.0,1.0,0.1,,,,,,,,,,
9094413,r1,46773,0.6,LightGBM,no,100.0,1.0,0.1,,,,,,,,,,
9299359,r1,195,0.6,LightGBM,no,100.0,1.0,0.1,,,,,,,,,,
9516562,r1,30414,0.6,LightGBM,no,100.0,1.0,0.1,,,,,,,,,,
9151071,r1,27,0.6,LightGBM,no,100.0,1.0,0.1,,,,,,,,,,
8887794,r1,33921,0.6,LightGBM,no,100.0,1.0,0.1,,,,,,,,,,
9084578,r1,10618,0.6,LightGBM,no,100.0,1.0,0.1,,,,,,,,,,
9128727,r1,30400,0.6,LightGBM,no,100.0,1.0,0.1,,,,,,,,,,
9051069,r1,40606,0.6,LightGBM,no,100.0,1.0,0.1,,,,,,,,,,
9272598,r1,33942,0.6,LightGBM,no,100.0,1.0,0.1,,,,,,,,,,
9516450,r1,30414,0.6,LightGBM,no,100.0,1.0,0.1,,,,,,,,,,
9097374,r1,23841,0.6,LightGBM,no,100.0,1.0,0.1,,,,,,,,,,
9586989,r1,36084,0.6,LightGBM,no,100.0,1.0,0.1,,,,,,,,,,
9084802,r1,9876,0.6,LightGBM,no,100.0,1.0,0.1,,,,,,,,,,
9250352,r1,251,0.6,LightGBM,no,100.0,1.0,0.1,,,,,,,,,,
9344306,r1,23869,0.6,LightGBM,no,100.0,1.0,0.1,,,,,,,,,,
9262161,r1,36098,0.6,LightGBM,no,100.0,1.0,0.1,,,,,,,,,,
9684674,r1,15497,0.6,LightGBM,no,100.0,1.0,0.1,,,,,,,,,,
9702776,r1,33963,0.6,LightGBM,no,100.0,1.0,0.1,,,,,,,,,,
8950773,r1,55,0.6,LightGBM,no,100.0,1.0,0.1,,,,,,,,,,
9094371,r1,46773,0.6,LightGBM,no,100.0,1.0,0.1,,,,,,,,,,
9440500,r1,55,0.6,LightGBM,no,100.0,1.0,0.1,,,,,,,,,,
9085173,r1,9967,0.6,LightGBM,no,100.0,1.0,0.1,,,,,,,,,,
8887752,r1,33942,0.6,LightGBM,no,100.0,1.0,0.1,,,,,,,,,,
9272472,r1,33942,0.6,LightGBM,no,100.0,1.0,0.1,,,,,,,,,,
9331181,train,12634,0.6,LightGBM,no,100.0,1.0,0.1,,,,,,,,,,
8797060,train,20,0.6,LightGBM,no,100.0,1.0,0.1,,,,,,,,,,
9433269,train,8987,0.6,LightGBM,no,100.0,1.0,0.1,,,,,,,,,,
9587073,train,36084,0.6,LightGBM,no,100.0,1.0,0.1,,,,,,,,,,
9516457,train,30407,0.6,LightGBM,no,100.0,1.0,0.1,,,,,,,,,,
9457412,train,40424,0.6,LightGBM,no,100.0,1.0,0.1,,,,,,,,,,
9292548,train,55,0.6,LightGBM,no,100.0,1.0,0.1,,,,,,,,,,
9271758,train,47501,0.6,LightGBM,no,100.0,1.0,0.1,,,,,,,,,,
9331048,train,14860,0.6,LightGBM,no,100.0,1.0,0.1,,,,,,,,,,
9123162,train,55,0.6,LightGBM,no,100.0,1.0,0.1,,,,,,,,,,
9516415,train,30414,0.6,LightGBM,no,100.0,1.0,0.1,,,,,,,,,,
9592470,train,48334,0.6,LightGBM,no,100.0,1.0,0.1,,,,,,,,,,
9128510,train,30400,0.6,LightGBM,no,100.0,1.0,0.1,,,,,,,,,,
9085222,train,8301,0.6,LightGBM,no,100.0,1.0,0.1,,,,,,,,,,
9085320,train,10618,0.6,LightGBM,no,100.0,1.0,0.1,,,,,,,,,,
9516632,train,30393,0.6,LightGBM,no,100.0,1.0,0.1,,,,,,,,,,
9272689,train,33956,0.6,LightGBM,no,100.0,1.0,0.1,,,,,,,,,,
9639125,train,188,0.6,LightGBM,no,100.0,1.0,0.1,,,,,,,,,,
9433696,train,7727,0.6,LightGBM,no,100.0,1.0,0.1,,,,,,,,,,
9657059,train,251,0.6,LightGBM,no,100.0,1.0,0.1,,,,,,,,,,
9457468,train,40298,0.6,LightGBM,no,100.0,1.0,0.1,,,,,,,,,,
9866373,train,18570,0.6,LightGBM,no,100.0,1.0,0.1,,,,,,,,,,
9680264,train,47508,0.6,LightGBM,no,100.0,1.0,0.1,,,,,,,,,,
9352356,train,20,0.6,LightGBM,no,100.0,1.0,0.1,,,,,,,,,,
9433598,train,10618,0.6,LightGBM,no,100.0,1.0,0.1,,,,,,,,,,
9432989,train,10618,0.6,LightGBM,no,100.0,1.0,0.1,,,,,,,,,,
9027381,train,17653,0.6,LightGBM,no,100.0,1.0,0.1,,,,,,,,,,
9271765,train,47508,0.6,LightGBM,no,100.0,1.0,0.1,,,,,,,,,,
9076815,train,42573,0.6,LightGBM,no,100.0,1.0,0.1,,,,,,,,,,
9331097,train,12046,0.6,LightGBM,no,100.0,1.0,0.1,,,,,,,,,,
9290966,train,55,0.6,LightGBM,no,100.0,1.0,0.1,,,,,,,,,,
9051055,train,44904,0.6,LightGBM,no,100.0,1.0,0.1,,,,,,,,,,
9272437,train,33963,0.6,LightGBM,no,100.0,1.0,0.1,,,,,,,,,,
9489444,train,46773,0.6,LightGBM,no,100.0,1.0,0.1,,,,,,,,,,
9176320,train,48,0.6,LightGBM,no,100.0,1.0,0.1,,,,,,,,,,
9388483,train,17744,0.6,LightGBM,no,100.0,1.0,0.1,,,,,,,,,,
9290609,train,62,0.6,LightGBM,no,100.0,1.0,0.1,,,,,,,,,,
9407614,train,48943,0.6,LightGBM,no,100.0,1.0,0.1,,,,,,,,,,
9823057,train,237,0.6,LightGBM,no,100.0,1.0,0.1,,,,,,,,,,
9516730,train,30435,0.6,LightGBM,no,100.0,1.0,0.1,,,,,,,,,,
9692472,train,55,0.6,LightGBM,no,100.0,1.0,0.1,,,,,,,,,,
9027262,train,17653,0.6,LightGBM,no,100.0,1.0,0.1,,,,,,,,,,
9433878,train,9876,0.6,LightGBM,no,100.0,1.0,0.1,,,,,,,,,,
9433640,train,8987,0.6,LightGBM,no,100.0,1.0,0.1,,,,,,,,,,
9085089,train,7258,0.6,LightGBM,no,100.0,1.0,0.1,,,,,,,,,,
9272724,train,33956,0.6,LightGBM,no,100.0,1.0,0.1,,,,,,,,,,
9407719,train,48929,0.6,LightGBM,no,100.0,1.0,0.1,,,,,,,,,,
9085299,train,6838,0.6,LightGBM,no,100.0,1.0,0.1,,,,,,,,,,
9680285,train,49657,0.6,LightGBM,no,100.0,1.0,0.1,,,,,,,,,,
9457685,train,45072,0.6,LightGBM,no,100.0,1.0,0.1,,,,,,,,,,
9085117,train,8301,0.6,LightGBM,no,100.0,1.0,0.1,,,,,,,,,,
9407670,train,48929,0.6,LightGBM,no,100.0,1.0,0.1,,,,,,,,,,
9433647,train,6698,0.6,LightGBM,no,100.0,1.0,0.1,,,,,,,,,,
8950822,train,55,0.6,LightGBM,no,100.0,1.0,0.1,,,,,,,,,,
9433542,train,10618,0.6,LightGBM,no,100.0,1.0,0.1,,,,,,,,,,
9484565,train,40578,0.6,LightGBM,no,100.0,1.0,0.1,,,,,,,,,,
9249162,train,300,0.6,LightGBM,no,100.0,1.0,0.1,,,,,,,,,,
9684450,train,12718,0.6,LightGBM,no,100.0,1.0,0.1,,,,,,,,,,
9027451,train,17982,0.6,LightGBM,no,100.0,1.0,0.1,,,,,,,,,,
9085243,train,10618,0.6,LightGBM,no,100.0,1.0,0.1,,,,,,,,,,
9087238,train,62,0.6,LightGBM,no,100.0,1.0,0.1,,,,,,,,,,
9097367,train,23750,0.6,LightGBM,no,100.0,1.0,0.1,,,,,,,,,,
9457454,train,40424,0.6,LightGBM,no,100.0,1.0,0.1,,,,,,,,,,
9433388,train,9876,0.6,LightGBM,no,100.0,1.0,0.1,,,,,,,,,,
9076878,train,42573,0.6,LightGBM,no,100.0,1.0,0.1,,,,,,,,,,
9344418,train,23750,0.6,LightGBM,no,100.0,1.0,0.1,,,,,,,,,,
9084599,train,9967,0.6,LightGBM,no,100.0,1.0,0.1,,,,,,,,,,
9327534,train,251,0.6,LightGBM,no,100.0,1.0,0.1,,,,,,,,,,
9051181,train,44904,0.6,LightGBM,no,100.0,1.0,0.1,,,,,,,,,,
9087259,train,55,0.6,LightGBM,no,100.0,1.0,0.1,,,,,,,,,,
9128517,train,48334,0.6,LightGBM,no,100.0,1.0,0.1,,,,,,,,,,
9085348,train,8056,0.6,LightGBM,no,100.0,1.0,0.1,,,,,,,,,,
8844331,train,27,0.6,LightGBM,no,100.0,1.0,0.1,,,,,,,,,,
9668539,train,41,0.6,LightGBM,no,100.0,1.0,0.1,,,,,,,,,,
9457671,train,35790,0.6,LightGBM,no,100.0,1.0,0.1,,,,,,,,,,
9094406,train,46731,0.6,LightGBM,no,100.0,1.0,0.1,,,,,,,,,,
9084571,train,8056,0.6,LightGBM,no,100.0,1.0,0.1,,,,,,,,,,
9433206,train,7258,0.6,LightGBM,no,100.0,1.0,0.1,,,,,,,,,,
9087119,train,76,0.6,LightGBM,no,100.0,1.0,0.1,,,,,,,,,,
9262042,train,36084,0.6,LightGBM,no,100.0,1.0,0.1,,,,,,,,,,
9097325,train,22497,0.6,LightGBM,no,100.0,1.0,0.1,,,,,,,,,,
9097479,train,237,0.6,LightGBM,no,100.0,1.0,0.1,,,,,,,,,,
9087028,train,41,0.6,LightGBM,no,100.0,1.0,0.1,,,,,,,,,,
9077018,train,42573,0.6,LightGBM,no,100.0,1.0,0.1,,,,,,,,,,
9489388,train,46731,0.6,LightGBM,no,100.0,1.0,0.1,,,,,,,,,,
9516373,train,30414,0.6,LightGBM,no,100.0,1.0,0.1,,,,,,,,,,
9433164,train,8056,0.6,LightGBM,no,100.0,1.0,0.1,,,,,,,,,,
9084739,train,9876,0.6,LightGBM,no,100.0,1.0,0.1,,,,,,,,,,
9516422,train,30400,0.6,LightGBM,no,100.0,1.0,0.1,,,,,,,,,,
9330719,train,15497,0.6,LightGBM,no,100.0,1.0,0.1,,,,,,,,,,
9702783,train,33949,0.6,LightGBM,no,100.0,1.0,0.1,,,,,,,,,,
9084676,train,10366,0.6,LightGBM,no,100.0,1.0,0.1,,,,,,,,,,
9290903,train,55,0.6,LightGBM,no,100.0,1.0,0.1,,,,,,,,,,
9717504,train,48,0.6,LightGBM,no,100.0,1.0,0.1,,,,,,,,,,
9684429,train,13166,0.6,LightGBM,no,100.0,1.0,0.1,,,,,,,,,,
9433059,train,7727,0.6,LightGBM,no,100.0,1.0,0.1,,,,,,,,,,
9484481,train,40606,0.6,LightGBM,no,100.0,1.0,0.1,,,,,,,,,,
9407663,train,48936,0.6,LightGBM,no,100.0,1.0,0.1,,,,,,,,,,
9592463,train,30414,0.6,LightGBM,no,100.0,1.0,0.1,,,,,,,,,,
9128594,train,48334,0.6,LightGBM,no,100.0,1.0,0.1,,,,,,,,,,
9094392,train,46759,0.6,LightGBM,no,100.0,1.0,0.1,,,,,,,,,,
9407649,train,48936,0.6,LightGBM,no,100.0,1.0,0.1,,,,,,,,,,
8844324,train,27,0.6,LightGBM,no,100.0,1.0,0.1,,,,,,,,,,
9516352,train,48334,0.6,LightGBM,no,100.0,1.0,0.1,,,,,,,,,,
9684485,train,14454,0.6,LightGBM,no,100.0,1.0,0.1,,,,,,,,,,
9085229,train,8917,0.6,LightGBM,no,100.0,1.0,0.1,,,,,,,,,,
9433626,train,8056,0.6,LightGBM,no,100.0,1.0,0.1,,,,,,,,,,
9407656,train,48943,0.6,LightGBM,no,100.0,1.0,0.1,,,,,,,,,,
9457559,train,40298,0.6,LightGBM,no,100.0,1.0,0.1,,,,,,,,,,
9457622,train,35790,0.6,LightGBM,no,100.0,1.0,0.1,,,,,,,,,,
9076920,train,42573,0.6,LightGBM,no,100.0,1.0,0.1,,,,,,,,,,
9085019,train,10576,0.6,LightGBM,no,100.0,1.0,0.1,,,,,,,,,,
9128545,train,30428,0.6,LightGBM,no,100.0,1.0,0.1,,,,,,,,,,
9702699,train,33956,0.6,LightGBM,no,100.0,1.0,0.1,,,,,,,,,,
9668553,train,55,0.6,LightGBM,no,100.0,1.0,0.1,,,,,,,,,,
9084669,train,6698,0.6,LightGBM,no,100.0,1.0,0.1,,,,,,,,,,
9331391,train,11591,0.6,LightGBM,no,100.0,1.0,0.1,,,,,,,,,,
9684534,train,12046,0.6,LightGBM,no,100.0,1.0,0.1,,,,,,,,,,
9128461,train,30435,0.6,LightGBM,no,100.0,1.0,0.1,,,,,,,,,,
9085369,train,7258,0.6,LightGBM,no,100.0,1.0,0.1,,,,,,,,,,
9222394,train,27,0.6,LightGBM,no,100.0,1.0,0.1,,,,,,,,,,
9433493,train,10366,0.6,LightGBM,no,100.0,1.0,0.1,,,,,,,,,,
9272717,train,33928,0.6,LightGBM,no,100.0,1.0,0.1,,,,,,,,,,
9094252,train,46731,0.6,LightGBM,no,100.0,1.0,0.1,,,,,,,,,,
9516821,train,30393,0.6,LightGBM,no,100.0,1.0,0.1,,,,,,,,,,
9457636,train,40298,0.6,LightGBM,no,100.0,1.0,0.1,,,,,,,,,,
9657122,train,251,0.6,LightGBM,no,100.0,1.0,0.1,,,,,,,,,,
9272661,train,33942,0.6,LightGBM,no,100.0,1.0,0.1,,,,,,,,,,
9516786,train,30393,0.6,LightGBM,no,100.0,1.0,0.1,,,,,,,,,,
9250373,train,90,0.6,LightGBM,no,100.0,1.0,0.1,,,,,,,,,,
9433591,train,7258,0.6,LightGBM,no,100.0,1.0,0.1,,,,,,,,,,
8887661,train,33949,0.6,LightGBM,no,100.0,1.0,0.1,,,,,,,,,,
9262119,train,36112,0.6,LightGBM,no,100.0,1.0,0.1,,,,,,,,,,
9684576,train,13166,0.6,LightGBM,no,100.0,1.0,0.1,,,,,,,,,,
9330733,train,14629,0.6,LightGBM,no,100.0,1.0,0.1,,,,,,,,,,
9128678,train,30393,0.6,LightGBM,no,100.0,1.0,0.1,,,,,,,,,,
9407684,train,48929,0.6,LightGBM,no,100.0,1.0,0.1,,,,,,,,,,
9272451,train,33956,0.6,LightGBM,no,100.0,1.0,0.1,,,,,,,,,,
9516604,train,30400,0.6,LightGBM,no,100.0,1.0,0.1,,,,,,,,,,
9051244,train,44904,0.6,LightGBM,no,100.0,1.0,0.1,,,,,,,,,,
9027423,train,17744,0.6,LightGBM,no,100.0,1.0,0.1,,,,,,,,,,
9484642,train,44904,0.6,LightGBM,no,100.0,1.0,0.1,,,,,,,,,,
9433857,train,7727,0.6,LightGBM,no,100.0,1.0,0.1,,,,,,,,,,
9087182,train,20,0.6,LightGBM,no,100.0,1.0,0.1,,,,,,,,,,
9433619,train,10366,0.6,LightGBM,no,100.0,1.0,0.1,,,,,,,,,,
9433465,train,7727,0.6,LightGBM,no,100.0,1.0,0.1,,,,,,,,,,
9856748,train,216,0.6,LightGBM,no,100.0,1.0,0.1,,,,,,,,,,
9388378,train,18570,0.6,LightGBM,no,100.0,1.0,0.1,,,,,,,,,,
8950843,train,55,0.6,LightGBM,no,100.0,1.0,0.1,,,,,,,,,,
9128391,train,30400,0.6,LightGBM,no,100.0,1.0,0.1,,,,,,,,,,
9657038,train,251,0.6,LightGBM,no,100.0,1.0,0.1,,,,,,,,,,
9489479,train,46738,0.6,LightGBM,no,100.0,1.0,0.1,,,,,,,,,,
9680215,train,47501,0.6,LightGBM,no,100.0,1.0,0.1,,,,,,,,,,
9516688,train,48341,0.6,LightGBM,no,100.0,1.0,0.1,,,,,,,,,,
9128636,train,48341,0.6,LightGBM,no,100.0,1.0,0.1,,,,,,,,,,
9680159,train,47501,0.6,LightGBM,no,100.0,1.0,0.1,,,,,,,,,,
9587045,train,36084,0.6,LightGBM,no,100.0,1.0,0.1,,,,,,,,,,
9433892,train,7727,0.6,LightGBM,no,100.0,1.0,0.1,,,,,,,,,,
9433332,train,9876,0.6,LightGBM,no,100.0,1.0,0.1,,,,,,,,,,
9084844,train,10366,0.6,LightGBM,no,100.0,1.0,0.1,,,,,,,,,,
9128454,train,30414,0.6,LightGBM,no,100.0,1.0,0.1,,,,,,,,,,
9433738,train,8056,0.6,LightGBM,no,100.0,1.0,0.1,,,,,,,,,,
9087252,train,48,0.6,LightGBM,no,100.0,1.0,0.1,,,,,,,,,,
9516639,train,30421,0.6,LightGBM,no,100.0,1.0,0.1,,,,,,,,,,
9407600,train,48733,0.6,LightGBM,no,100.0,1.0,0.1,,,,,,,,,,
9097038,train,202,0.6,LightGBM,no,100.0,1.0,0.1,,,,,,,,,,
9344271,train,22497,0.6,LightGBM,no,100.0,1.0,0.1,,,,,,,,,,
9272633,train,33935,0.6,LightGBM,no,100.0,1.0,0.1,,,,,,,,,,
9587017,train,36084,0.6,LightGBM,no,100.0,1.0,0.1,,,,,,,,,,
9489353,train,46759,0.6,LightGBM,no,100.0,1.0,0.1,,,,,,,,,,
9407824,train,48929,0.6,LightGBM,no,100.0,1.0,0.1,,,,,,,,,,
9128531,train,36014,0.6,LightGBM,no,100.0,1.0,0.1,,,,,,,,,,
9433437,train,7258,0.6,LightGBM,no,100.0,1.0,0.1,,,,,,,,,,
9086986,train,118,0.6,LightGBM,no,100.0,1.0,0.1,,,,,,,,,,
9433185,train,8917,0.6,LightGBM,no,100.0,1.0,0.1,,,,,,,,,,
9290616,train,20,0.6,LightGBM,no,100.0,1.0,0.1,,,,,,,,,,
9433339,train,8917,0.6,LightGBM,no,100.0,1.0,0.1,,,,,,,,,,
9793818,train,69,0.6,LightGBM,no,100.0,1.0,0.1,,,,,,,,,,
9250401,train,76,0.6,LightGBM,no,100.0,1.0,0.1,,,,,,,,,,
9250387,train,28594,0.6,LightGBM,no,100.0,1.0,0.1,,,,,,,,,,
9489318,train,46780,0.6,LightGBM,no,100.0,1.0,0.1,,,,,,,,,,
9128503,train,30428,0.6,LightGBM,no,100.0,1.0,0.1,,,,,,,,,,
9684177,train,11591,0.6,LightGBM,no,100.0,1.0,0.1,,,,,,,,,,
9407607,train,48936,0.6,LightGBM,no,100.0,1.0,0.1,,,,,,,,,,
8887864,train,33949,0.6,LightGBM,no,100.0,1.0,0.1,,,,,,,,,,
9301991,train,202,0.6,LightGBM,no,100.0,1.0,0.1,,,,,,,,,,
8887885,train,33963,0.6,LightGBM,no,100.0,1.0,0.1,,,,,,,,,,
9097297,train,23869,0.6,LightGBM,no,100.0,1.0,0.1,,,,,,,,,,
9702671,train,33921,0.6,LightGBM,no,100.0,1.0,0.1,,,,,,,,,,
9489402,train,46738,0.6,LightGBM,no,100.0,1.0,0.1,,,,,,,,,,
9085383,train,8301,0.6,LightGBM,no,100.0,1.0,0.1,,,,,,,,,,
9438274,train,216,0.6,LightGBM,no,100.0,1.0,0.1,,,,,,,,,,
9484544,train,40606,0.6,LightGBM,no,100.0,1.0,0.1,,,,,,,,,,
9097073,train,202,0.6,LightGBM,no,100.0,1.0,0.1,,,,,,,,,,
9272409,train,33963,0.6,LightGBM,no,100.0,1.0,0.1,,,,,,,,,,
9128573,train,30428,0.6,LightGBM,no,100.0,1.0,0.1,,,,,,,,,,
9433528,train,8182,0.6,LightGBM,no,100.0,1.0,0.1,,,,,,,,,,
9085236,train,7258,0.6,LightGBM,no,100.0,1.0,0.1,,,,,,,,,,
9592484,train,48341,0.6,LightGBM,no,100.0,1.0,0.1,,,,,,,,,,
9516597,train,48334,0.6,LightGBM,no,100.0,1.0,0.1,,,,,,,,,,
9433444,train,9876,0.6,LightGBM,no,100.0,1.0,0.1,,,,,,,,,,
9084781,train,9701,0.6,LightGBM,no,100.0,1.0,0.1,,,,,,,,,,
9407698,train,48936,0.6,LightGBM,no,100.0,1.0,0.1,,,,,,,,,,
9388406,train,17583,0.6,LightGBM,no,100.0,1.0,0.1,,,,,,,,,,
9587024,train,36112,0.6,LightGBM,no,100.0,1.0,0.1,,,,,,,,,,
9085264,train,9701,0.6,LightGBM,no,100.0,1.0,0.1,,,,,,,,,,
9097437,train,23750,0.6,LightGBM,no,100.0,1.0,0.1,,,,,,,,,,
9849713,train,251,0.6,LightGBM,no,100.0,1.0,0.1,,,,,,,,,,
9290910,train,293,0.6,LightGBM,no,100.0,1.0,0.1,,,,,,,,,,
9433304,train,8182,0.6,LightGBM,no,100.0,1.0,0.1,,,,,,,,,,
9352363,train,48,0.6,LightGBM,no,100.0,1.0,0.1,,,,,,,,,,
8887787,train,33956,0.6,LightGBM,no,100.0,1.0,0.1,,,,,,,,,,
9097255,train,23750,0.6,LightGBM,no,100.0,1.0,0.1,,,,,,,,,,
9516758,train,30414,0.6,LightGBM,no,100.0,1.0,0.1,,,,,,,,,,
9185399,train,48334,0.6,LightGBM,no,100.0,1.0,0.1,,,,,,,,,,
9327492,train,195,0.6,LightGBM,no,100.0,1.0,0.1,,,,,,,,,,
9085054,train,9701,0.6,LightGBM,no,100.0,1.0,0.1,,,,,,,,,,
9702706,train,33921,0.6,LightGBM,no,100.0,1.0,0.1,,,,,,,,,,
9085467,train,7258,0.6,LightGBM,no,100.0,1.0,0.1,,,,,,,,,,
9377325,train,48,0.6,LightGBM,no,100.0,1.0,0.1,,,,,,,,,,
9085411,train,10366,0.6,LightGBM,no,100.0,1.0,0.1,,,,,,,,,,
9433577,train,8987,0.6,LightGBM,no,100.0,1.0,0.1,,,,,,,,,,
9457391,train,40452,0.6,LightGBM,no,100.0,1.0,0.1,,,,,,,,,,
9128489,train,30414,0.6,LightGBM,no,100.0,1.0,0.1,,,,,,,,,,
9388476,train,17982,0.6,LightGBM,no,100.0,1.0,0.1,,,,,,,,,,
9457615,train,40298,0.6,LightGBM,no,100.0,1.0,0.1,,,,,,,,,,
9331167,train,12473,0.6,LightGBM,no,100.0,1.0,0.1,,,,,,,,,,
9094329,train,46766,0.6,LightGBM,no,100.0,1.0,0.1,,,,,,,,,,
9262140,train,36126,0.6,LightGBM,no,100.0,1.0,0.1,,,,,,,,,,
9331356,train,14454,0.6,LightGBM,no,100.0,1.0,0.1,,,,,,,,,,
9684233,train,14454,0.6,LightGBM,no,100.0,1.0,0.1,,,,,,,,,,
9085488,train,9701,0.6,LightGBM,no,100.0,1.0,0.1,,,,,,,,,,
9085096,train,9701,0.6,LightGBM,no,100.0,1.0,0.1,,,,,,,,,,
9681531,train,216,0.6,LightGBM,no,100.0,1.0,0.1,,,,,,,,,,
9657080,train,251,0.6,LightGBM,no,100.0,1.0,0.1,,,,,,,,,,
9849755,train,195,0.6,LightGBM,no,100.0,1.0,0.1,,,,,,,,,,
9830750,train,76,0.6,LightGBM,no,100.0,1.0,0.1,,,,,,,,,,
9250303,train,90,0.6,LightGBM,no,100.0,1.0,0.1,,,,,,,,,,
9085180,train,8987,0.6,LightGBM,no,100.0,1.0,0.1,,,,,,,,,,
9150140,train,216,0.6,LightGBM,no,100.0,1.0,0.1,,,,,,,,,,
8797053,train,20,0.6,LightGBM,no,100.0,1.0,0.1,,,,,,,,,,
9433780,train,7258,0.6,LightGBM,no,100.0,1.0,0.1,,,,,,,,,,
9725750,train,55,0.6,LightGBM,no,100.0,1.0,0.1,,,,,,,,,,
9388427,train,18570,0.6,LightGBM,no,100.0,1.0,0.1,,,,,,,,,,
9051111,train,40606,0.6,LightGBM,no,100.0,1.0,0.1,,,,,,,,,,
9407628,train,48936,0.6,LightGBM,no,100.0,1.0,0.1,,,,,,,,,,
9150154,train,216,0.6,LightGBM,no,100.0,1.0,0.1,,,,,,,,,,
9128664,train,30400,0.6,LightGBM,no,100.0,1.0,0.1,,,,,,,,,,
9085439,train,6838,0.6,LightGBM,no,100.0,1.0,0.1,,,,,,,,,,
9087021,train,209,0.6,LightGBM,no,100.0,1.0,0.1,,,,,,,,,,
9076899,train,47529,0.6,LightGBM,no,100.0,1.0,0.1,,,,,,,,,,
9433199,train,8182,0.6,LightGBM,no,100.0,1.0,0.1,,,,,,,,,,
9344292,train,22784,0.6,LightGBM,no,100.0,1.0,0.1,,,,,,,,,,
9433745,train,8917,0.6,LightGBM,no,100.0,1.0,0.1,,,,,,,,,,
9084984,train,9701,0.6,LightGBM,no,100.0,1.0,0.1,,,,,,,,,,
9713206,train,55,0.6,LightGBM,no,100.0,1.0,0.1,,,,,,,,,,
9433675,train,8987,0.6,LightGBM,no,100.0,1.0,0.1,,,,,,,,,,
9484712,train,44904,0.6,LightGBM,no,100.0,1.0,0.1,,,,,,,,,,
9085495,train,7727,0.6,LightGBM,no,100.0,1.0,0.1,,,,,,,,,,
9097108,train,202,0.6,LightGBM,no,100.0,1.0,0.1,,,,,,,,,,
9516660,train,36014,0.6,LightGBM,no,100.0,1.0,0.1,,,,,,,,,,
8938355,train,20,0.6,LightGBM,no,100.0,1.0,0.1,,,,,,,,,,
9087217,train,27,0.6,LightGBM,no,100.0,1.0,0.1,,,,,,,,,,
9256393,train,48,0.6,LightGBM,no,100.0,1.0,0.1,,,,,,,,,,
9299345,train,237,0.6,LightGBM,no,100.0,1.0,0.1,,,,,,,,,,
9085131,train,6698,0.6,LightGBM,no,100.0,1.0,0.1,,,,,,,,,,
9087084,train,27,0.6,LightGBM,no,100.0,1.0,0.1,,,,,,,,,,
9262021,train,36098,0.6,LightGBM,no,100.0,1.0,0.1,,,,,,,,,,
9377248,train,34,0.6,LightGBM,no,100.0,1.0,0.1,,,,,,,,,,
9077025,train,47529,0.6,LightGBM,no,100.0,1.0,0.1,,,,,,,,,,
9407789,train,48936,0.6,LightGBM,no,100.0,1.0,0.1,,,,,,,,,,
9680306,train,47501,0.6,LightGBM,no,100.0,1.0,0.1,,,,,,,,,,
9684800,train,15301,0.6,LightGBM,no,100.0,1.0,0.1,,,,,,,,,,
9076969,train,47529,0.6,LightGBM,no,100.0,1.0,0.1,,,,,,,,,,
9457545,train,35790,0.6,LightGBM,no,100.0,1.0,0.1,,,,,,,,,,
9433906,train,9876,0.6,LightGBM,no,100.0,1.0,0.1,,,,,,,,,,
9290938,train,69,0.6,LightGBM,no,100.0,1.0,0.1,,,,,,,,,,
9152352,train,48,0.6,LightGBM,no,100.0,1.0,0.1,,,,,,,,,,
9084837,train,10618,0.6,LightGBM,no,100.0,1.0,0.1,,,,,,,,,,
9087063,train,55,0.6,LightGBM,no,100.0,1.0,0.1,,,,,,,,,,
9587066,train,36126,0.6,LightGBM,no,100.0,1.0,0.1,,,,,,,,,,
8887857,train,33956,0.6,LightGBM,no,100.0,1.0,0.1,,,,,,,,,,
9433710,train,8182,0.6,LightGBM,no,100.0,1.0,0.1,,,,,,,,,,
9128713,train,30393,0.6,LightGBM,no,100.0,1.0,0.1,,,,,,,,,,
9680271,train,49650,0.6,LightGBM,no,100.0,1.0,0.1,,,,,,,,,,
9433612,train,8182,0.6,LightGBM,no,100.0,1.0,0.1,,,,,,,,,,
9051209,train,44904,0.6,LightGBM,no,100.0,1.0,0.1,,,,,,,,,,
9271723,train,47494,0.6,LightGBM,no,100.0,1.0,0.1,,,,,,,,,,
9489339,train,46759,0.6,LightGBM,no,100.0,1.0,0.1,,,,,,,,,,
9085145,train,9876,0.6,LightGBM,no,100.0,1.0,0.1,,,,,,,,,,
9262182,train,36070,0.6,LightGBM,no,100.0,1.0,0.1,,,,,,,,,,
9290623,train,20,0.6,LightGBM,no,100.0,1.0,0.1,,,,,,,,,,
9438288,train,216,0.6,LightGBM,no,100.0,1.0,0.1,,,,,,,,,,
9097276,train,22763,0.6,LightGBM,no,100.0,1.0,0.1,,,,,,,,,,
9433479,train,10618,0.6,LightGBM,no,100.0,1.0,0.1,,,,,,,,,,
9407754,train,48733,0.6,LightGBM,no,100.0,1.0,0.1,,,,,,,,,,
9123225,train,34,0.6,LightGBM,no,100.0,1.0,0.1,,,,,,,,,,
9330551,train,11283,0.6,LightGBM,no,100.0,1.0,0.1,,,,,,,,,,
8887689,train,33935,0.6,LightGBM,no,100.0,1.0,0.1,,,,,,,,,,
9516541,train,48341,0.6,LightGBM,no,100.0,1.0,0.1,,,,,,,,,,
9084648,train,8917,0.6,LightGBM,no,100.0,1.0,0.1,,,,,,,,,,
9085075,train,9876,0.6,LightGBM,no,100.0,1.0,0.1,,,,,,,,,,
9262238,train,36098,0.6,LightGBM,no,100.0,1.0,0.1,,,,,,,,,,
9702720,train,33963,0.6,LightGBM,no,100.0,1.0,0.1,,,,,,,,,,
9097360,train,22763,0.6,LightGBM,no,100.0,1.0,0.1,,,,,,,,,,
8887843,train,33935,0.6,LightGBM,no,100.0,1.0,0.1,,,,,,,,,,
9094301,train,46759,0.6,LightGBM,no,100.0,1.0,0.1,,,,,,,,,,
9128762,train,30400,0.6,LightGBM,no,100.0,1.0,0.1,,,,,,,,,,
9262091,train,36070,0.6,LightGBM,no,100.0,1.0,0.1,,,,,,,,,,
9725771,train,55,0.6,LightGBM,no,100.0,1.0,0.1,,,,,,,,,,
9085334,train,7727,0.6,LightGBM,no,100.0,1.0,0.1,,,,,,,,,,
9084823,train,9876,0.6,LightGBM,no,100.0,1.0,0.1,,,,,,,,,,
8887899,train,33935,0.6,LightGBM,no,100.0,1.0,0.1,,,,,,,,,,
9433871,train,7258,0.6,LightGBM,no,100.0,1.0,0.1,,,,,,,,,,
9084886,train,10366,0.6,LightGBM,no,100.0,1.0,0.1,,,,,,,,,,
9085208,train,7573,0.6,LightGBM,no,100.0,1.0,0.1,,,,,,,,,,
9128482,train,36014,0.6,LightGBM,no,100.0,1.0,0.1,,,,,,,,,,
9084683,train,8182,0.6,LightGBM,no,100.0,1.0,0.1,,,,,,,,,,
9457552,train,47529,0.6,LightGBM,no,100.0,1.0,0.1,,,,,,,,,,
9176635,train,76,0.6,LightGBM,no,100.0,1.0,0.1,,,,,,,,,,
9290924,train,69,0.6,LightGBM,no,100.0,1.0,0.1,,,,,,,,,,
9076857,train,40298,0.6,LightGBM,no,100.0,1.0,0.1,,,,,,,,,,
9084585,train,10366,0.6,LightGBM,no,100.0,1.0,0.1,,,,,,,,,,
9076962,train,40452,0.6,LightGBM,no,100.0,1.0,0.1,,,,,,,,,,
9272423,train,33963,0.6,LightGBM,no,100.0,1.0,0.1,,,,,,,,,,
9433605,train,9876,0.6,LightGBM,no,100.0,1.0,0.1,,,,,,,,,,
9503885,train,293,0.6,LightGBM,no,100.0,1.0,0.1,,,,,,,,,,
9084942,train,6698,0.6,LightGBM,no,100.0,1.0,0.1,,,,,,,,,,
9087245,train,55,0.6,LightGBM,no,100.0,1.0,0.1,,,,,,,,,,
9094231,train,46731,0.6,LightGBM,no,100.0,1.0,0.1,,,,,,,,,,
9484495,train,44904,0.6,LightGBM,no,100.0,1.0,0.1,,,,,,,,,,
9087014,train,118,0.6,LightGBM,no,100.0,1.0,0.1,,,,,,,,,,
9027416,train,17653,0.6,LightGBM,no,100.0,1.0,0.1,,,,,,,,,,
9433556,train,9876,0.6,LightGBM,no,100.0,1.0,0.1,,,,,,,,,,
9222387,train,27,0.6,LightGBM,no,100.0,1.0,0.1,,,,,,,,,,
9516709,train,30435,0.6,LightGBM,no,100.0,1.0,0.1,,,,,,,,,,
8887829,train,33949,0.6,LightGBM,no,100.0,1.0,0.1,,,,,,,,,,
9272528,train,33963,0.6,LightGBM,no,100.0,1.0,0.1,,,,,,,,,,
9433024,train,8182,0.6,LightGBM,no,100.0,1.0,0.1,,,,,,,,,,
9220063,train,41,0.6,LightGBM,no,100.0,1.0,0.1,,,,,,,,,,
9084914,train,8987,0.6,LightGBM,no,100.0,1.0,0.1,,,,,,,,,,
9084830,train,8182,0.6,LightGBM,no,100.0,1.0,0.1,,,,,,,,,,
9272668,train,33928,0.6,LightGBM,no,100.0,1.0,0.1,,,,,,,,,,
9097346,train,22497,0.6,LightGBM,no,100.0,1.0,0.1,,,,,,,,,,
9644116,train,48,0.6,LightGBM,no,100.0,1.0,0.1,,,,,,,,,,
9331300,train,12634,0.6,LightGBM,no,100.0,1.0,0.1,,,,,,,,,,
9344376,train,23869,0.6,LightGBM,no,100.0,1.0,0.1,,,,,,,,,,
9587031,train,36126,0.6,LightGBM,no,100.0,1.0,0.1,,,,,,,,,,
9433570,train,7608,0.6,LightGBM,no,100.0,1.0,0.1,,,,,,,,,,
9433325,train,7258,0.6,LightGBM,no,100.0,1.0,0.1,,,,,,,,,,
9433864,train,8987,0.6,LightGBM,no,100.0,1.0,0.1,,,,,,,,,,
9327499,train,1210,0.6,LightGBM,no,100.0,1.0,0.1,,,,,,,,,,
9516471,train,30421,0.6,LightGBM,no,100.0,1.0,0.1,,,,,,,,,,
9484530,train,40606,0.6,LightGBM,no,100.0,1.0,0.1,,,,,,,,,,
9087266,train,20,0.6,LightGBM,no,100.0,1.0,0.1,,,,,,,,,,
9457405,train,40298,0.6,LightGBM,no,100.0,1.0,0.1,,,,,,,,,,
9128783,train,30421,0.6,LightGBM,no,100.0,1.0,0.1,,,,,,,,,,
9516366,train,30435,0.6,LightGBM,no,100.0,1.0,0.1,,,,,,,,,,
9087189,train,76,0.6,LightGBM,no,100.0,1.0,0.1,,,,,,,,,,
9516590,train,30414,0.6,LightGBM,no,100.0,1.0,0.1,,,,,,,,,,
9344327,train,23750,0.6,LightGBM,no,100.0,1.0,0.1,,,,,,,,,,
9503878,train,202,0.6,LightGBM,no,100.0,1.0,0.1,,,,,,,,,,
9262245,train,36098,0.6,LightGBM,no,100.0,1.0,0.1,,,,,,,,,,
9433913,train,7258,0.6,LightGBM,no,100.0,1.0,0.1,,,,,,,,,,
9433003,train,7727,0.6,LightGBM,no,100.0,1.0,0.1,,,,,,,,,,
9271646,train,47501,0.6,LightGBM,no,100.0,1.0,0.1,,,,,,,,,,
9344285,train,22763,0.6,LightGBM,no,100.0,1.0,0.1,,,,,,,,,,
9330915,train,14860,0.6,LightGBM,no,100.0,1.0,0.1,,,,,,,,,,
9866345,train,17982,0.6,LightGBM,no,100.0,1.0,0.1,,,,,,,,,,
9084711,train,9701,0.6,LightGBM,no,100.0,1.0,0.1,,,,,,,,,,
9076885,train,45072,0.6,LightGBM,no,100.0,1.0,0.1,,,,,,,,,,
9539732,train,62,0.6,LightGBM,no,100.0,1.0,0.1,,,,,,,,,,
9433227,train,8056,0.6,LightGBM,no,100.0,1.0,0.1,,,,,,,,,,
9084746,train,7258,0.6,LightGBM,no,100.0,1.0,0.1,,,,,,,,,,
9097416,train,23841,0.6,LightGBM,no,100.0,1.0,0.1,,,,,,,,,,
9614989,train,27,0.6,LightGBM,no,100.0,1.0,0.1,,,,,,,,,,
9076906,train,40298,0.6,LightGBM,no,100.0,1.0,0.1,,,,,,,,,,
9051083,train,40550,0.6,LightGBM,no,100.0,1.0,0.1,,,,,,,,,,
9489458,train,46752,0.6,LightGBM,no,100.0,1.0,0.1,,,,,,,,,,
9262168,train,36070,0.6,LightGBM,no,100.0,1.0,0.1,,,,,,,,,,
9433311,train,6838,0.6,LightGBM,no,100.0,1.0,0.1,,,,,,,,,,
9684296,train,15413,0.6,LightGBM,no,100.0,1.0,0.1,,,,,,,,,,
9128524,train,30421,0.6,LightGBM,no,100.0,1.0,0.1,,,,,,,,,,
9684989,train,14454,0.6,LightGBM,no,100.0,1.0,0.1,,,,,,,,,,
9272696,train,33928,0.6,LightGBM,no,100.0,1.0,0.1,,,,,,,,,,
9128825,train,30407,0.6,LightGBM,no,100.0,1.0,0.1,,,,,,,,,,
9684751,train,12473,0.6,LightGBM,no,100.0,1.0,0.1,,,,,,,,,,
9793811,train,62,0.6,LightGBM,no,100.0,1.0,0.1,,,,,,,,,,
9128370,train,30428,0.6,LightGBM,no,100.0,1.0,0.1,,,,,,,,,,
9516485,train,30400,0.6,LightGBM,no,100.0,1.0,0.1,,,,,,,,,,
9051013,train,40564,0.6,LightGBM,no,100.0,1.0,0.1,,,,,,,,,,
9176649,train,76,0.6,LightGBM,no,100.0,1.0,0.1,,,,,,,,,,
9290630,train,20,0.6,LightGBM,no,100.0,1.0,0.1,,,,,,,,,,
9128566,train,30414,0.6,LightGBM,no,100.0,1.0,0.1,,,,,,,,,,
9256351,train,188,0.6,LightGBM,no,100.0,1.0,0.1,,,,,,,,,,
9331006,train,45961,0.6,LightGBM,no,100.0,1.0,0.1,,,,,,,,,,
9272430,train,33935,0.6,LightGBM,no,100.0,1.0,0.1,,,,,,,,,,
9668532,train,41,0.6,LightGBM,no,100.0,1.0,0.1,,,,,,,,,,
9587115,train,36098,0.6,LightGBM,no,100.0,1.0,0.1,,,,,,,,,,
9344369,train,22784,0.6,LightGBM,no,100.0,1.0,0.1,,,,,,,,,,
9457573,train,35790,0.6,LightGBM,no,100.0,1.0,0.1,,,,,,,,,,
9128405,train,48341,0.6,LightGBM,no,100.0,1.0,0.1,,,,,,,,,,
9433360,train,7258,0.6,LightGBM,no,100.0,1.0,0.1,,,,,,,,,,
9085152,train,6698,0.6,LightGBM,no,100.0,1.0,0.1,,,,,,,,,,
9151078,train,69,0.6,LightGBM,no,100.0,1.0,0.1,,,,,,,,,,
9344446,train,23750,0.6,LightGBM,no,100.0,1.0,0.1,,,,,,,,,,
9680173,train,47487,0.6,LightGBM,no,100.0,1.0,0.1,,,,,,,,,,
9330502,train,45961,0.6,LightGBM,no,100.0,1.0,0.1,,,,,,,,,,
9051146,train,40606,0.6,LightGBM,no,100.0,1.0,0.1,,,,,,,,,,
9094245,train,46766,0.6,LightGBM,no,100.0,1.0,0.1,,,,,,,,,,
9331258,train,15623,0.6,LightGBM,no,100.0,1.0,0.1,,,,,,,,,,
9051174,train,40550,0.6,LightGBM,no,100.0,1.0,0.1,,,,,,,,,,
9684632,train,13971,0.6,LightGBM,no,100.0,1.0,0.1,,,,,,,,,,
9084732,train,6698,0.6,LightGBM,no,100.0,1.0,0.1,,,,,,,,,,
9849678,train,209,0.6,LightGBM,no,100.0,1.0,0.1,,,,,,,,,,
9250380,train,251,0.6,LightGBM,no,100.0,1.0,0.1,,,,,,,,,,
9887863,train,293,0.6,LightGBM,no,100.0,1.0,0.1,,,,,,,,,,
9344460,train,22763,0.6,LightGBM,no,100.0,1.0,0.1,,,,,,,,,,
9782072,train,202,0.6,LightGBM,no,100.0,1.0,0.1,,,,,,,,,,
9433234,train,7258,0.6,LightGBM,no,100.0,1.0,0.1,,,,,,,,,,
9087070,train,118,0.6,LightGBM,no,100.0,1.0,0.1,,,,,,,,,,
9094343,train,46731,0.6,LightGBM,no,100.0,1.0,0.1,,,,,,,,,,
9388504,train,17744,0.6,LightGBM,no,100.0,1.0,0.1,,,,,,,,,,
9823064,train,146,0.6,LightGBM,no,100.0,1.0,0.1,,,,,,,,,,
9051132,train,40592,0.6,LightGBM,no,100.0,1.0,0.1,,,,,,,,,,
9084963,train,9876,0.6,LightGBM,no,100.0,1.0,0.1,,,,,,,,,,
9085166,train,8301,0.6,LightGBM,no,100.0,1.0,0.1,,,,,,,,,,
9051230,train,40578,0.6,LightGBM,no,100.0,1.0,0.1,,,,,,,,,,
9250268,train,76,0.6,LightGBM,no,100.0,1.0,0.1,,,,,,,,,,
9087049,train,20,0.6,LightGBM,no,100.0,1.0,0.1,,,,,,,,,,
9484572,train,44904,0.6,LightGBM,no,100.0,1.0,0.1,,,,,,,,,,
9290637,train,20,0.6,LightGBM,no,100.0,1.0,0.1,,,,,,,,,,
9587038,train,38814,0.6,LightGBM,no,100.0,1.0,0.1,,,,,,,,,,
9433262,train,9876,0.6,LightGBM,no,100.0,1.0,0.1,,,,,,,,,,
9702713,train,33935,0.6,LightGBM,no,100.0,1.0,0.1,,,,,,,,,,
9272759,train,33928,0.6,LightGBM,no,100.0,1.0,0.1,,,,,,,,,,
9457629,train,40452,0.6,LightGBM,no,100.0,1.0,0.1,,,,,,,,,,
9684975,train,14454,0.6,LightGBM,no,100.0,1.0,0.1,,,,,,,,,,
9516506,train,36014,0.6,LightGBM,no,100.0,1.0,0.1,,,,,,,,,,
9097332,train,23869,0.6,LightGBM,no,100.0,1.0,0.1,,,,,,,,,,
9051118,train,44904,0.6,LightGBM,no,100.0,1.0,0.1,,,,,,,,,,
9344404,train,23869,0.6,LightGBM,no,100.0,1.0,0.1,,,,,,,,,,
9457433,train,47529,0.6,LightGBM,no,100.0,1.0,0.1,,,,,,,,,,
9331244,train,11220,0.6,LightGBM,no,100.0,1.0,0.1,,,,,,,,,,
9262070,train,36070,0.6,LightGBM,no,100.0,1.0,0.1,,,,,,,,,,
9489416,train,46773,0.6,LightGBM,no,100.0,1.0,0.1,,,,,,,,,,
9263092,train,76,0.6,LightGBM,no,100.0,1.0,0.1,,,,,,,,,,
9094385,train,46745,0.6,LightGBM,no,100.0,1.0,0.1,,,,,,,,,,
9076864,train,42573,0.6,LightGBM,no,100.0,1.0,0.1,,,,,,,,,,
9344432,train,22784,0.6,LightGBM,no,100.0,1.0,0.1,,,,,,,,,,
9027402,train,17583,0.6,LightGBM,no,100.0,1.0,0.1,,,,,,,,,,
9085068,train,7727,0.6,LightGBM,no,100.0,1.0,0.1,,,,,,,,,,
9684562,train,12669,0.6,LightGBM,no,100.0,1.0,0.1,,,,,,,,,,
9407796,train,48922,0.6,LightGBM,no,100.0,1.0,0.1,,,,,,,,,,
9407817,train,48922,0.6,LightGBM,no,100.0,1.0,0.1,,,,,,,,,,
9262126,train,36070,0.6,LightGBM,no,100.0,1.0,0.1,,,,,,,,,,
9388441,train,18570,0.6,LightGBM,no,100.0,1.0,0.1,,,,,,,,,,
9440570,train,55,0.6,LightGBM,no,100.0,1.0,0.1,,,,,,,,,,
9123197,train,48,0.6,LightGBM,no,100.0,1.0,0.1,,,,,,,,,,
9407803,train,48929,0.6,LightGBM,no,100.0,1.0,0.1,,,,,,,,,,
9615080,train,41,0.6,LightGBM,no,100.0,1.0,0.1,,,,,,,,,,
9587087,train,36084,0.6,LightGBM,no,100.0,1.0,0.1,,,,,,,,,,
9457503,train,40424,0.6,LightGBM,no,100.0,1.0,0.1,,,,,,,,,,
8938348,train,55,0.6,LightGBM,no,100.0,1.0,0.1,,,,,,,,,,
9087224,train,20,0.6,LightGBM,no,100.0,1.0,0.1,,,,,,,,,,
9077032,train,40298,0.6,LightGBM,no,100.0,1.0,0.1,,,,,,,,,,
9388413,train,17744,0.6,LightGBM,no,100.0,1.0,0.1,,,,,,,,,,
9128797,train,48334,0.6,LightGBM,no,100.0,1.0,0.1,,,,,,,,,,
9489423,train,46731,0.6,LightGBM,no,100.0,1.0,0.1,,,,,,,,,,
9331342,train,15623,0.6,LightGBM,no,100.0,1.0,0.1,,,,,,,,,,
9094364,train,46759,0.6,LightGBM,no,100.0,1.0,0.1,,,,,,,,,,
9484656,train,40606,0.6,LightGBM,no,100.0,1.0,0.1,,,,,,,,,,
9457496,train,35790,0.6,LightGBM,no,100.0,1.0,0.1,,,,,,,,,,
9272640,train,33949,0.6,LightGBM,no,100.0,1.0,0.1,,,,,,,,,,
9290945,train,55,0.6,LightGBM,no,100.0,1.0,0.1,,,,,,,,,,
9331363,train,12046,0.6,LightGBM,no,100.0,1.0,0.1,,,,,,,,,,
8887717,train,33928,0.6,LightGBM,no,100.0,1.0,0.1,,,,,,,,,,
9272731,train,33921,0.6,LightGBM,no,100.0,1.0,0.1,,,,,,,,,,
9051139,train,40564,0.6,LightGBM,no,100.0,1.0,0.1,,,,,,,,,,
9299331,train,195,0.6,LightGBM,no,100.0,1.0,0.1,,,,,,,,,,
9271751,train,47487,0.6,LightGBM,no,100.0,1.0,0.1,,,,,,,,,,
9027388,train,18570,0.6,LightGBM,no,100.0,1.0,0.1,,,,,,,,,,
9084725,train,9701,0.6,LightGBM,no,100.0,1.0,0.1,,,,,,,,,,
9516618,train,30414,0.6,LightGBM,no,100.0,1.0,0.1,,,,,,,,,,
9272766,train,33949,0.6,LightGBM,no,100.0,1.0,0.1,,,,,,,,,,
8887773,train,33949,0.6,LightGBM,no,100.0,1.0,0.1,,,,,,,,,,
9176642,train,76,0.6,LightGBM,no,100.0,1.0,0.1,,,,,,,,,,
9680180,train,47501,0.6,LightGBM,no,100.0,1.0,0.1,,,,,,,,,,
9615094,train,20,0.6,LightGBM,no,100.0,1.0,0.1,,,,,,,,,,
9516387,train,30407,0.6,LightGBM,no,100.0,1.0,0.1,,,,,,,,,,
9128804,train,30393,0.6,LightGBM,no,100.0,1.0,0.1,,,,,,,,,,
9185413,train,30428,0.6,LightGBM,no,100.0,1.0,0.1,,,,,,,,,,
9489486,train,46759,0.6,LightGBM,no,100.0,1.0,0.1,,,,,,,,,,
9150133,train,216,0.6,LightGBM,no,100.0,1.0,0.1,,,,,,,,,,
9085047,train,7258,0.6,LightGBM,no,100.0,1.0,0.1,,,,,,,,,,
9352370,train,20,0.6,LightGBM,no,100.0,1.0,0.1,,,,,,,,,,
9027283,train,18570,0.6,LightGBM,no,100.0,1.0,0.1,,,,,,,,,,
9484537,train,40550,0.6,LightGBM,no,100.0,1.0,0.1,,,,,,,,,,
9272612,train,33956,0.6,LightGBM,no,100.0,1.0,0.1,,,,,,,,,,
9457594,train,40298,0.6,LightGBM,no,100.0,1.0,0.1,,,,,,,,,,
8887836,train,33956,0.6,LightGBM,no,100.0,1.0,0.1,,,,,,,,,,
9097101,train,237,0.6,LightGBM,no,100.0,1.0,0.1,,,,,,,,,,
9484614,train,44904,0.6,LightGBM,no,100.0,1.0,0.1,,,,,,,,,,
9076927,train,40298,0.6,LightGBM,no,100.0,1.0,0.1,,,,,,,,,,
9076913,train,47529,0.6,LightGBM,no,100.0,1.0,0.1,,,,,,,,,,
9085201,train,9701,0.6,LightGBM,no,100.0,1.0,0.1,,,,,,,,,,
9256372,train,48,0.6,LightGBM,no,100.0,1.0,0.1,,,,,,,,,,
9085481,train,10618,0.6,LightGBM,no,100.0,1.0,0.1,,,,,,,,,,
9433682,train,7258,0.6,LightGBM,no,100.0,1.0,0.1,,,,,,,,,,
9051090,train,40606,0.6,LightGBM,no,100.0,1.0,0.1,,,,,,,,,,
9681510,train,216,0.6,LightGBM,no,100.0,1.0,0.1,,,,,,,,,,
9668546,train,41,0.6,LightGBM,no,100.0,1.0,0.1,,,,,,,,,,
9684317,train,12718,0.6,LightGBM,no,100.0,1.0,0.1,,,,,,,,,,
9255945,train,55,0.6,LightGBM,no,100.0,1.0,0.1,,,,,,,,,,
9271786,train,47501,0.6,LightGBM,no,100.0,1.0,0.1,,,,,,,,,,
9484677,train,40550,0.6,LightGBM,no,100.0,1.0,0.1,,,,,,,,,,
9094224,train,46766,0.6,LightGBM,no,100.0,1.0,0.1,,,,,,,,,,
9299352,train,195,0.6,LightGBM,no,100.0,1.0,0.1,,,,,,,,,,
9344425,train,23869,0.6,LightGBM,no,100.0,1.0,0.1,,,,,,,,,,
9586996,train,36126,0.6,LightGBM,no,100.0,1.0,0.1,,,,,,,,,,
9457517,train,35790,0.6,LightGBM,no,100.0,1.0,0.1,,,,,,,,,,
9388518,train,17653,0.6,LightGBM,no,100.0,1.0,0.1,,,,,,,,,,
9272563,train,33942,0.6,LightGBM,no,100.0,1.0,0.1,,,,,,,,,,
9262210,train,36084,0.6,LightGBM,no,100.0,1.0,0.1,,,,,,,,,,
9702727,train,33935,0.6,LightGBM,no,100.0,1.0,0.1,,,,,,,,,,
9330978,train,45947,0.6,LightGBM,no,100.0,1.0,0.1,,,,,,,,,,
9250310,train,118,0.6,LightGBM,no,100.0,1.0,0.1,,,,,,,,,,
9823050,train,146,0.6,LightGBM,no,100.0,1.0,0.1,,,,,,,,,,
9098837,train,293,0.6,LightGBM,no,100.0,1.0,0.1,,,,,,,,,,
9290952,train,55,0.6,LightGBM,no,100.0,1.0,0.1,,,,,,,,,,
9094378,train,46731,0.6,LightGBM,no,100.0,1.0,0.1,,,,,,,,,,
9097353,train,23869,0.6,LightGBM,no,100.0,1.0,0.1,,,,,,,,,,
9290651,train,20,0.6,LightGBM,no,100.0,1.0,0.1,,,,,,,,,,
9222415,train,20,0.6,LightGBM,no,100.0,1.0,0.1,,,,,,,,,,
9085376,train,6838,0.6,LightGBM,no,100.0,1.0,0.1,,,,,,,,,,
9680201,train,47501,0.6,LightGBM,no,100.0,1.0,0.1,,,,,,,,,,
9680320,train,49657,0.6,LightGBM,no,100.0,1.0,0.1,,,,,,,,,,
9749697,train,202,0.6,LightGBM,no,100.0,1.0,0.1,,,,,,,,,,
9866338,train,18360,0.6,LightGBM,no,100.0,1.0,0.1,,,,,,,,,,
9388539,train,17744,0.6,LightGBM,no,100.0,1.0,0.1,,,,,,,,,,
9097402,train,22497,0.6,LightGBM,no,100.0,1.0,0.1,,,,,,,,,,
9128608,train,30428,0.6,LightGBM,no,100.0,1.0,0.1,,,,,,,,,,
9097045,train,237,0.6,LightGBM,no,100.0,1.0,0.1,,,,,,,,,,
9484670,train,44904,0.6,LightGBM,no,100.0,1.0,0.1,,,,,,,,,,
9087056,train,69,0.6,LightGBM,no,100.0,1.0,0.1,,,,,,,,,,
9702762,train,33949,0.6,LightGBM,no,100.0,1.0,0.1,,,,,,,,,,
9076836,train,47529,0.6,LightGBM,no,100.0,1.0,0.1,,,,,,,,,,
9680292,train,47487,0.6,LightGBM,no,100.0,1.0,0.1,,,,,,,,,,
9388574,train,17653,0.6,LightGBM,no,100.0,1.0,0.1,,,,,,,,,,
9128475,train,48334,0.6,LightGBM,no,100.0,1.0,0.1,,,,,,,,,,
9128692,train,30435,0.6,LightGBM,no,100.0,1.0,0.1,,,,,,,,,,
9331293,train,12473,0.6,LightGBM,no,100.0,1.0,0.1,,,,,,,,,,
9407747,train,48936,0.6,LightGBM,no,100.0,1.0,0.1,,,,,,,,,,
9087035,train,76,0.6,LightGBM,no,100.0,1.0,0.1,,,,,,,,,,
9128643,train,30428,0.6,LightGBM,no,100.0,1.0,0.1,,,,,,,,,,
9271737,train,47487,0.6,LightGBM,no,100.0,1.0,0.1,,,,,,,,,,
9489255,train,46731,0.6,LightGBM,no,100.0,1.0,0.1,,,,,,,,,,
9516380,train,30421,0.6,LightGBM,no,100.0,1.0,0.1,,,,,,,,,,
9272780,train,33956,0.6,LightGBM,no,100.0,1.0,0.1,,,,,,,,,,
9330663,train,14860,0.6,LightGBM,no,100.0,1.0,0.1,,,,,,,,,,
9837295,train,237,0.6,LightGBM,no,100.0,1.0,0.1,,,,,,,,,,
9586975,train,36112,0.6,LightGBM,no,100.0,1.0,0.1,,,,,,,,,,
9489269,train,46773,0.6,LightGBM,no,100.0,1.0,0.1,,,,,,,,,,
9433416,train,8987,0.6,LightGBM,no,100.0,1.0,0.1,,,,,,,,,,
9085446,train,10618,0.6,LightGBM,no,100.0,1.0,0.1,,,,,,,,,,
9344397,train,22497,0.6,LightGBM,no,100.0,1.0,0.1,,,,,,,,,,
9262077,train,36098,0.6,LightGBM,no,100.0,1.0,0.1,,,,,,,,,,
9516681,train,30393,0.6,LightGBM,no,100.0,1.0,0.1,,,,,,,,,,
9680257,train,47501,0.6,LightGBM,no,100.0,1.0,0.1,,,,,,,,,,
9271772,train,47501,0.6,LightGBM,no,100.0,1.0,0.1,,,,,,,,,,
9377241,train,34,0.6,LightGBM,no,100.0,1.0,0.1,,,,,,,,,,
9084697,train,7573,0.6,LightGBM,no,100.0,1.0,0.1,,,,,,,,,,
9484551,train,44904,0.6,LightGBM,no,100.0,1.0,0.1,,,,,,,,,,
9457678,train,40298,0.6,LightGBM,no,100.0,1.0,0.1,,,,,,,,,,
9272710,train,33935,0.6,LightGBM,no,100.0,1.0,0.1,,,,,,,,,,
9330964,train,14454,0.6,LightGBM,no,100.0,1.0,0.1,,,,,,,,,,
9262028,train,36112,0.6,LightGBM,no,100.0,1.0,0.1,,,,,,,,,,
9076990,train,40298,0.6,LightGBM,no,100.0,1.0,0.1,,,,,,,,,,
9433367,train,10618,0.6,LightGBM,no,100.0,1.0,0.1,,,,,,,,,,
9123169,train,55,0.6,LightGBM,no,100.0,1.0,0.1,,,,,,,,,,
9272556,train,33928,0.6,LightGBM,no,100.0,1.0,0.1,,,,,,,,,,
9272402,train,33949,0.6,LightGBM,no,100.0,1.0,0.1,,,,,,,,,,
9516345,train,30407,0.6,LightGBM,no,100.0,1.0,0.1,,,,,,,,,,
9292555,train,34,0.6,LightGBM,no,100.0,1.0,0.1,,,,,,,,,,
9516611,train,36014,0.6,LightGBM,no,100.0,1.0,0.1,,,,,,,,,,
9097024,train,216,0.6,LightGBM,no,100.0,1.0,0.1,,,,,,,,,,
9849769,train,251,0.6,LightGBM,no,100.0,1.0,0.1,,,,,,,,,,
9684618,train,14860,0.6,LightGBM,no,100.0,1.0,0.1,,,,,,,,,,
9271667,train,47480,0.6,LightGBM,no,100.0,1.0,0.1,,,,,,,,,,
9051062,train,44904,0.6,LightGBM,no,100.0,1.0,0.1,,,,,,,,,,
9272416,train,33935,0.6,LightGBM,no,100.0,1.0,0.1,,,,,,,,,,
9123211,train,48,0.6,LightGBM,no,100.0,1.0,0.1,,,,,,,,,,
9657094,train,251,0.6,LightGBM,no,100.0,1.0,0.1,,,,,,,,,,
9327485,train,251,0.6,LightGBM,no,100.0,1.0,0.1,,,,,,,,,,
9051237,train,40606,0.6,LightGBM,no,100.0,1.0,0.1,,,,,,,,,,
9087154,train,118,0.6,LightGBM,no,100.0,1.0,0.1,,,,,,,,,,
9684107,train,14454,0.6,LightGBM,no,100.0,1.0,0.1,,,,,,,,,,
9388399,train,17982,0.6,LightGBM,no,100.0,1.0,0.1,,,,,,,,,,
9085012,train,10618,0.6,LightGBM,no,100.0,1.0,0.1,,,,,,,,,,
9027395,train,17982,0.6,LightGBM,no,100.0,1.0,0.1,,,,,,,,,,
9084900,train,8917,0.6,LightGBM,no,100.0,1.0,0.1,,,,,,,,,,
9459827,train,20,0.6,LightGBM,no,100.0,1.0,0.1,,,,,,,,,,
9262098,train,36126,0.6,LightGBM,no,100.0,1.0,0.1,,,,,,,,,,
9782079,train,272,0.6,LightGBM,no,100.0,1.0,0.1,,,,,,,,,,
8887731,train,33942,0.6,LightGBM,no,100.0,1.0,0.1,,,,,,,,,,
9084858,train,9701,0.6,LightGBM,no,100.0,1.0,0.1,,,,,,,,,,
9085306,train,9701,0.6,LightGBM,no,100.0,1.0,0.1,,,,,,,,,,
9657157,train,251,0.6,LightGBM,no,100.0,1.0,0.1,,,,,,,,,,
9684954,train,11220,0.6,LightGBM,no,100.0,1.0,0.1,,,,,,,,,,
9614996,train,34,0.6,LightGBM,no,100.0,1.0,0.1,,,,,,,,,,
9085341,train,10618,0.6,LightGBM,no,100.0,1.0,0.1,,,,,,,,,,
9433402,train,10366,0.6,LightGBM,no,100.0,1.0,0.1,,,,,,,,,,
9330992,train,13957,0.6,LightGBM,no,100.0,1.0,0.1,,,,,,,,,,
9097171,train,216,0.6,LightGBM,no,100.0,1.0,0.1,,,,,,,,,,
9702790,train,33942,0.6,LightGBM,no,100.0,1.0,0.1,,,,,,,,,,
9330614,train,11591,0.6,LightGBM,no,100.0,1.0,0.1,,,,,,,,,,
8887675,train,33921,0.6,LightGBM,no,100.0,1.0,0.1,,,,,,,,,,
9433080,train,8987,0.6,LightGBM,no,100.0,1.0,0.1,,,,,,,,,,
9272647,train,33935,0.6,LightGBM,no,100.0,1.0,0.1,,,,,,,,,,
9433794,train,8056,0.6,LightGBM,no,100.0,1.0,0.1,,,,,,,,,,
9587052,train,36126,0.6,LightGBM,no,100.0,1.0,0.1,,,,,,,,,,
9433276,train,7727,0.6,LightGBM,no,100.0,1.0,0.1,,,,,,,,,,
9076948,train,47529,0.6,LightGBM,no,100.0,1.0,0.1,,,,,,,,,,
9680313,train,49657,0.6,LightGBM,no,100.0,1.0,0.1,,,,,,,,,,
9433584,train,10576,0.6,LightGBM,no,100.0,1.0,0.1,,,,,,,,,,
9680187,train,49650,0.6,LightGBM,no,100.0,1.0,0.1,,,,,,,,,,
9272465,train,33921,0.6,LightGBM,no,100.0,1.0,0.1,,,,,,,,,,
9272500,train,33956,0.6,LightGBM,no,100.0,1.0,0.1,,,,,,,,,,
9684940,train,11220,0.6,LightGBM,no,100.0,1.0,0.1,,,,,,,,,,
9271744,train,47494,0.6,LightGBM,no,100.0,1.0,0.1,,,,,,,,,,
9087196,train,55,0.6,LightGBM,no,100.0,1.0,0.1,,,,,,,,,,
9327569,train,251,0.6,LightGBM,no,100.0,1.0,0.1,,,,,,,,,,
9097262,train,23869,0.6,LightGBM,no,100.0,1.0,0.1,,,,,,,,,,
8887871,train,33963,0.6,LightGBM,no,100.0,1.0,0.1,,,,,,,,,,
8938418,train,34,0.6,LightGBM,no,100.0,1.0,0.1,,,,,,,,,,
9793846,train,62,0.6,LightGBM,no,100.0,1.0,0.1,,,,,,,,,,
9085082,train,10618,0.6,LightGBM,no,100.0,1.0,0.1,,,,,,,,,,
9271688,train,47494,0.6,LightGBM,no,100.0,1.0,0.1,,,,,,,,,,
9128657,train,30414,0.6,LightGBM,no,100.0,1.0,0.1,,,,,,,,,,
9097388,train,23113,0.6,LightGBM,no,100.0,1.0,0.1,,,,,,,,,,
9516394,train,30400,0.6,LightGBM,no,100.0,1.0,0.1,,,,,,,,,,
9433514,train,7258,0.6,LightGBM,no,100.0,1.0,0.1,,,,,,,,,,
9713199,train,55,0.6,LightGBM,no,100.0,1.0,0.1,,,,,,,,,,
9087203,train,34,0.6,LightGBM,no,100.0,1.0,0.1,,,,,,,,,,
9407726,train,48936,0.6,LightGBM,no,100.0,1.0,0.1,,,,,,,,,,
9344257,train,23113,0.6,LightGBM,no,100.0,1.0,0.1,,,,,,,,,,
9407642,train,48922,0.6,LightGBM,no,100.0,1.0,0.1,,,,,,,,,,
9271653,train,47480,0.6,LightGBM,no,100.0,1.0,0.1,,,,,,,,,,
9433395,train,7258,0.6,LightGBM,no,100.0,1.0,0.1,,,,,,,,,,
9084606,train,8301,0.6,LightGBM,no,100.0,1.0,0.1,,,,,,,,,,
9457601,train,42573,0.6,LightGBM,no,100.0,1.0,0.1,,,,,,,,,,
9407621,train,48922,0.6,LightGBM,no,100.0,1.0,0.1,,,,,,,,,,
9516492,train,48341,0.6,LightGBM,no,100.0,1.0,0.1,,,,,,,,,,
9128769,train,30414,0.6,LightGBM,no,100.0,1.0,0.1,,,,,,,,,,
9085460,train,7727,0.6,LightGBM,no,100.0,1.0,0.1,,,,,,,,,,
9407677,train,48943,0.6,LightGBM,no,100.0,1.0,0.1,,,,,,,,,,
9128349,train,30435,0.6,LightGBM,no,100.0,1.0,0.1,,,,,,,,,,
9457489,train,40298,0.6,LightGBM,no,100.0,1.0,0.1,,,,,,,,,,
9484600,train,40606,0.6,LightGBM,no,100.0,1.0,0.1,,,,,,,,,,
9433374,train,9701,0.6,LightGBM,no,100.0,1.0,0.1,,,,,,,,,,
9094210,train,46738,0.6,LightGBM,no,100.0,1.0,0.1,,,,,,,,,,
9680229,train,47501,0.6,LightGBM,no,100.0,1.0,0.1,,,,,,,,,,
9433724,train,7573,0.6,LightGBM,no,100.0,1.0,0.1,,,,,,,,,,
9433836,train,9701,0.6,LightGBM,no,100.0,1.0,0.1,,,,,,,,,,
9702734,train,33942,0.6,LightGBM,no,100.0,1.0,0.1,,,,,,,,,,
9331125,train,11591,0.6,LightGBM,no,100.0,1.0,0.1,,,,,,,,,,
8950801,train,55,0.6,LightGBM,no,100.0,1.0,0.1,,,,,,,,,,
9457398,train,47529,0.6,LightGBM,no,100.0,1.0,0.1,,,,,,,,,,
9516499,train,30414,0.6,LightGBM,no,100.0,1.0,0.1,,,,,,,,,,
9457566,train,45072,0.6,LightGBM,no,100.0,1.0,0.1,,,,,,,,,,
9076829,train,40424,0.6,LightGBM,no,100.0,1.0,0.1,,,,,,,,,,
9516744,train,30407,0.6,LightGBM,no,100.0,1.0,0.1,,,,,,,,,,
9433689,train,9967,0.6,LightGBM,no,100.0,1.0,0.1,,,,,,,,,,
9484586,train,40606,0.6,LightGBM,no,100.0,1.0,0.1,,,,,,,,,,
9668560,train,41,0.6,LightGBM,no,100.0,1.0,0.1,,,,,,,,,,
9256379,train,48,0.6,LightGBM,no,100.0,1.0,0.1,,,,,,,,,,
9856734,train,76,0.6,LightGBM,no,100.0,1.0,0.1,,,,,,,,,,
9290980,train,62,0.6,LightGBM,no,100.0,1.0,0.1,,,,,,,,,,
9128622,train,30400,0.6,LightGBM,no,100.0,1.0,0.1,,,,,,,,,,
8887822,train,33956,0.6,LightGBM,no,100.0,1.0,0.1,,,,,,,,,,
9250338,train,76,0.6,LightGBM,no,100.0,1.0,0.1,,,,,,,,,,
9433843,train,9876,0.6,LightGBM,no,100.0,1.0,0.1,,,,,,,,,,
9489304,train,46738,0.6,LightGBM,no,100.0,1.0,0.1,,,,,,,,,,
9489262,train,46752,0.6,LightGBM,no,100.0,1.0,0.1,,,,,,,,,,
9262154,train,36112,0.6,LightGBM,no,100.0,1.0,0.1,,,,,,,,,,
8887766,train,33956,0.6,LightGBM,no,100.0,1.0,0.1,,,,,,,,,,
9086965,train,118,0.6,LightGBM,no,100.0,1.0,0.1,,,,,,,,,,
9457461,train,40452,0.6,LightGBM,no,100.0,1.0,0.1,,,,,,,,,,
9128559,train,30421,0.6,LightGBM,no,100.0,1.0,0.1,,,,,,,,,,
8797067,train,41,0.6,LightGBM,no,100.0,1.0,0.1,,,,,,,,,,
9433815,train,6838,0.6,LightGBM,no,100.0,1.0,0.1,,,,,,,,,,
9094308,train,46731,0.6,LightGBM,no,100.0,1.0,0.1,,,,,,,,,,
9290644,train,20,0.6,LightGBM,no,100.0,1.0,0.1,,,,,,,,,,
9490053,train,216,0.6,LightGBM,no,100.0,1.0,0.1,,,,,,,,,,
9516716,train,30414,0.6,LightGBM,no,100.0,1.0,0.1,,,,,,,,,,
9051223,train,44904,0.6,LightGBM,no,100.0,1.0,0.1,,,,,,,,,,
9225348,train,41,0.6,LightGBM,no,100.0,1.0,0.1,,,,,,,,,,
9128468,train,30421,0.6,LightGBM,no,100.0,1.0,0.1,,,,,,,,,,
9489283,train,46738,0.6,LightGBM,no,100.0,1.0,0.1,,,,,,,,,,
9587003,train,36126,0.6,LightGBM,no,100.0,1.0,0.1,,,,,,,,,,
9096975,train,237,0.6,LightGBM,no,100.0,1.0,0.1,,,,,,,,,,
9457650,train,40424,0.6,LightGBM,no,100.0,1.0,0.1,,,,,,,,,,
9272584,train,33914,0.6,LightGBM,no,100.0,1.0,0.1,,,,,,,,,,
9684128,train,13131,0.6,LightGBM,no,100.0,1.0,0.1,,,,,,,,,,
9388385,train,17583,0.6,LightGBM,no,100.0,1.0,0.1,,,,,,,,,,
9051020,train,40550,0.6,LightGBM,no,100.0,1.0,0.1,,,,,,,,,,
9262196,train,36126,0.6,LightGBM,no,100.0,1.0,0.1,,,,,,,,,,
9684541,train,15497,0.6,LightGBM,no,100.0,1.0,0.1,,,,,,,,,,
9225341,train,55,0.6,LightGBM,no,100.0,1.0,0.1,,,,,,,,,,
9615066,train,20,0.6,LightGBM,no,100.0,1.0,0.1,,,,,,,,,,
9484691,train,44904,0.6,LightGBM,no,100.0,1.0,0.1,,,,,,,,,,
9128685,train,30421,0.6,LightGBM,no,100.0,1.0,0.1,,,,,,,,,,
9085432,train,9701,0.6,LightGBM,no,100.0,1.0,0.1,,,,,,,,,,
9087175,train,293,0.6,LightGBM,no,100.0,1.0,0.1,,,,,,,,,,
9097290,train,23750,0.6,LightGBM,no,100.0,1.0,0.1,,,,,,,,,,
9587080,train,36112,0.6,LightGBM,no,100.0,1.0,0.1,,,,,,,,,,
9262105,train,36112,0.6,LightGBM,no,100.0,1.0,0.1,,,,,,,,,,
9823029,train,237,0.6,LightGBM,no,100.0,1.0,0.1,,,,,,,,,,
9433290,train,6698,0.6,LightGBM,no,100.0,1.0,0.1,,,,,,,,,,
8950836,train,55,0.6,LightGBM,no,100.0,1.0,0.1,,,,,,,,,,
9084753,train,8182,0.6,LightGBM,no,100.0,1.0,0.1,,,,,,,,,,
9849643,train,251,0.6,LightGBM,no,100.0,1.0,0.1,,,,,,,,,,
9433521,train,9876,0.6,LightGBM,no,100.0,1.0,0.1,,,,,,,,,,
9830743,train,76,0.6,LightGBM,no,100.0,1.0,0.1,,,,,,,,,,
9271716,train,47480,0.6,LightGBM,no,100.0,1.0,0.1,,,,,,,,,,
9085453,train,9876,0.6,LightGBM,no,100.0,1.0,0.1,,,,,,,,,,
9433472,train,6838,0.6,LightGBM,no,100.0,1.0,0.1,,,,,,,,,,
9085005,train,8301,0.6,LightGBM,no,100.0,1.0,0.1,,,,,,,,,,
9489395,train,46759,0.6,LightGBM,no,100.0,1.0,0.1,,,,,,,,,,
9344411,train,23316,0.6,LightGBM,no,100.0,1.0,0.1,,,,,,,,,,
9433017,train,8056,0.6,LightGBM,no,100.0,1.0,0.1,,,,,,,,,,
9123204,train,48,0.6,LightGBM,no,100.0,1.0,0.1,,,,,,,,,,
9151064,train,27,0.6,LightGBM,no,100.0,1.0,0.1,,,,,,,,,,
9681629,train,223,0.6,LightGBM,no,100.0,1.0,0.1,,,,,,,,,,
9085313,train,9876,0.6,LightGBM,no,100.0,1.0,0.1,,,,,,,,,,
9128734,train,48334,0.6,LightGBM,no,100.0,1.0,0.1,,,,,,,,,,
8887878,train,33935,0.6,LightGBM,no,100.0,1.0,0.1,,,,,,,,,,
9084949,train,8301,0.6,LightGBM,no,100.0,1.0,0.1,,,,,,,,,,
9433451,train,6698,0.6,LightGBM,no,100.0,1.0,0.1,,,,,,,,,,
9084935,train,7258,0.6,LightGBM,no,100.0,1.0,0.1,,,,,,,,,,
9290973,train,62,0.6,LightGBM,no,100.0,1.0,0.1,,,,,,,,,,
9331384,train,14454,0.6,LightGBM,no,100.0,1.0,0.1,,,,,,,,,,
9433430,train,10618,0.6,LightGBM,no,100.0,1.0,0.1,,,,,,,,,,
9433066,train,8917,0.6,LightGBM,no,100.0,1.0,0.1,,,,,,,,,,
9457384,train,35790,0.6,LightGBM,no,100.0,1.0,0.1,,,,,,,,,,
9657136,train,251,0.6,LightGBM,no,100.0,1.0,0.1,,,,,,,,,,
9094259,train,46738,0.6,LightGBM,no,100.0,1.0,0.1,,,,,,,,,,
9866331,train,17653,0.6,LightGBM,no,100.0,1.0,0.1,,,,,,,,,,
9301963,train,202,0.6,LightGBM,no,100.0,1.0,0.1,,,,,,,,,,
9272801,train,33935,0.6,LightGBM,no,100.0,1.0,0.1,,,,,,,,,,
9250359,train,146,0.6,LightGBM,no,100.0,1.0,0.1,,,,,,,,,,
9644109,train,48,0.6,LightGBM,no,100.0,1.0,0.1,,,,,,,,,,
9085061,train,8301,0.6,LightGBM,no,100.0,1.0,0.1,,,,,,,,,,
9684982,train,11283,0.6,LightGBM,no,100.0,1.0,0.1,,,,,,,,,,
9128419,train,48334,0.6,LightGBM,no,100.0,1.0,0.1,,,,,,,,,,
9128412,train,30414,0.6,LightGBM,no,100.0,1.0,0.1,,,,,,,,,,
9262224,train,36070,0.6,LightGBM,no,100.0,1.0,0.1,,,,,,,,,,
9128699,train,30428,0.6,LightGBM,no,100.0,1.0,0.1,,,,,,,,,,
8887759,train,33928,0.6,LightGBM,no,100.0,1.0,0.1,,,,,,,,,,
9327583,train,251,0.6,LightGBM,no,100.0,1.0,0.1,,,,,,,,,,
9096989,train,202,0.6,LightGBM,no,100.0,1.0,0.1,,,,,,,,,,
9388371,train,17653,0.6,LightGBM,no,100.0,1.0,0.1,,,,,,,,,,
9256365,train,48,0.6,LightGBM,no,100.0,1.0,0.1,,,,,,,,,,
8887808,train,33949,0.6,LightGBM,no,100.0,1.0,0.1,,,,,,,,,,
9094273,train,46773,0.6,LightGBM,no,100.0,1.0,0.1,,,,,,,,,,
9433073,train,7573,0.6,LightGBM,no,100.0,1.0,0.1,,,,,,,,,,
9301970,train,202,0.6,LightGBM,no,100.0,1.0,0.1,,,,,,,,,,
9256561,train,48,0.6,LightGBM,no,100.0,1.0,0.1,,,,,,,,,,
9084998,train,10576,0.6,LightGBM,no,100.0,1.0,0.1,,,,,,,,,,
9489465,train,46766,0.6,LightGBM,no,100.0,1.0,0.1,,,,,,,,,,
9128377,train,30400,0.6,LightGBM,no,100.0,1.0,0.1,,,,,,,,,,
9587094,train,36084,0.6,LightGBM,no,100.0,1.0,0.1,,,,,,,,,,
9433045,train,9701,0.6,LightGBM,no,100.0,1.0,0.1,,,,,,,,,,
9085103,train,8917,0.6,LightGBM,no,100.0,1.0,0.1,,,,,,,,,,
9837253,train,202,0.6,LightGBM,no,100.0,1.0,0.1,,,,,,,,,,
9457580,train,45072,0.6,LightGBM,no,100.0,1.0,0.1,,,,,,,,,,
9150126,train,216,0.6,LightGBM,no,100.0,1.0,0.1,,,,,,,,,,
9271681,train,47501,0.6,LightGBM,no,100.0,1.0,0.1,,,,,,,,,,
8887850,train,33928,0.6,LightGBM,no,100.0,1.0,0.1,,,,,,,,,,
9823071,train,237,0.6,LightGBM,no,100.0,1.0,0.1,,,,,,,,,,
9837218,train,272,0.6,LightGBM,no,100.0,1.0,0.1,,,,,,,,,,
9516520,train,30393,0.6,LightGBM,no,100.0,1.0,0.1,,,,,,,,,,
9433129,train,8917,0.6,LightGBM,no,100.0,1.0,0.1,,,,,,,,,,
9344250,train,23750,0.6,LightGBM,no,100.0,1.0,0.1,,,,,,,,,,
9331349,train,13397,0.6,LightGBM,no,100.0,1.0,0.1,,,,,,,,,,
9097164,train,237,0.6,LightGBM,no,100.0,1.0,0.1,,,,,,,,,,
9262056,train,36070,0.6,LightGBM,no,100.0,1.0,0.1,,,,,,,,,,
9433010,train,8917,0.6,LightGBM,no,100.0,1.0,0.1,,,,,,,,,,
9516814,train,30435,0.6,LightGBM,no,100.0,1.0,0.1,,,,,,,,,,
9330586,train,14454,0.6,LightGBM,no,100.0,1.0,0.1,,,,,,,,,,
9516793,train,30428,0.6,LightGBM,no,100.0,1.0,0.1,,,,,,,,,,
9084970,train,10366,0.6,LightGBM,no,100.0,1.0,0.1,,,,,,,,,,
9344320,train,22763,0.6,LightGBM,no,100.0,1.0,0.1,,,,,,,,,,
9516408,train,30428,0.6,LightGBM,no,100.0,1.0,0.1,,,,,,,,,,
9292562,train,55,0.6,LightGBM,no,100.0,1.0,0.1,,,,,,,,,,
9344299,train,22497,0.6,LightGBM,no,100.0,1.0,0.1,,,,,,,,,,
8950808,train,55,0.6,LightGBM,no,100.0,1.0,0.1,,,,,,,,,,
9128440,train,30421,0.6,LightGBM,no,100.0,1.0,0.1,,,,,,,,,,
9272395,train,33942,0.6,LightGBM,no,100.0,1.0,0.1,,,,,,,,,,
9433787,train,6698,0.6,LightGBM,no,100.0,1.0,0.1,,,,,,,,,,
9388469,train,17653,0.6,LightGBM,no,100.0,1.0,0.1,,,,,,,,,,
9457531,train,47529,0.6,LightGBM,no,100.0,1.0,0.1,,,,,,,,,,
9407740,train,48950,0.6,LightGBM,no,100.0,1.0,0.1,,,,,,,,,,
9085257,train,9967,0.6,LightGBM,no,100.0,1.0,0.1,,,,,,,,,,
9272654,train,33914,0.6,LightGBM,no,100.0,1.0,0.1,,,,,,,,,,
9076955,train,42573,0.6,LightGBM,no,100.0,1.0,0.1,,,,,,,,,,
9459813,train,20,0.6,LightGBM,no,100.0,1.0,0.1,,,,,,,,,,
9225334,train,55,0.6,LightGBM,no,100.0,1.0,0.1,,,,,,,,,,
9684947,train,15497,0.6,LightGBM,no,100.0,1.0,0.1,,,,,,,,,,
9657052,train,251,0.6,LightGBM,no,100.0,1.0,0.1,,,,,,,,,,
9489381,train,46759,0.6,LightGBM,no,100.0,1.0,0.1,,,,,,,,,,
9680250,train,47508,0.6,LightGBM,no,100.0,1.0,0.1,,,,,,,,,,
9516464,train,36014,0.6,LightGBM,no,100.0,1.0,0.1,,,,,,,,,,
9094280,train,46731,0.6,LightGBM,no,100.0,1.0,0.1,,,,,,,,,,
9327541,train,825,0.6,LightGBM,no,100.0,1.0,0.1,,,,,,,,,,
9331132,train,45933,0.6,LightGBM,no,100.0,1.0,0.1,,,,,,,,,,
9085425,train,7727,0.6,LightGBM,no,100.0,1.0,0.1,,,,,,,,,,
9433122,train,10576,0.6,LightGBM,no,100.0,1.0,0.1,,,,,,,,,,
9489346,train,46752,0.6,LightGBM,no,100.0,1.0,0.1,,,,,,,,,,
9027430,train,17653,0.6,LightGBM,no,100.0,1.0,0.1,,,,,,,,,,
9433808,train,9967,0.6,LightGBM,no,100.0,1.0,0.1,,,,,,,,,,
8887710,train,33928,0.6,LightGBM,no,100.0,1.0,0.1,,,,,,,,,,
9272381,train,33963,0.6,LightGBM,no,100.0,1.0,0.1,,,,,,,,,,
9433220,train,8182,0.6,LightGBM,no,100.0,1.0,0.1,,,,,,,,,,
9433031,train,9876,0.6,LightGBM,no,100.0,1.0,0.1,,,,,,,,,,
9586926,train,36112,0.6,LightGBM,no,100.0,1.0,0.1,,,,,,,,,,
9084851,train,9967,0.6,LightGBM,no,100.0,1.0,0.1,,,,,,,,,,
9433052,train,10366,0.6,LightGBM,no,100.0,1.0,0.1,,,,,,,,,,
9516772,train,48334,0.6,LightGBM,no,100.0,1.0,0.1,,,,,,,,,,
9484628,train,40564,0.6,LightGBM,no,100.0,1.0,0.1,,,,,,,,,,
9185392,train,30428,0.6,LightGBM,no,100.0,1.0,0.1,,,,,,,,,,
8797074,train,20,0.6,LightGBM,no,100.0,1.0,0.1,,,,,,,,,,
9272787,train,33942,0.6,LightGBM,no,100.0,1.0,0.1,,,,,,,,,,
9484684,train,40606,0.6,LightGBM,no,100.0,1.0,0.1,,,,,,,,,,
9094427,train,46759,0.6,LightGBM,no,100.0,1.0,0.1,,,,,,,,,,
9051034,train,40564,0.6,LightGBM,no,100.0,1.0,0.1,,,,,,,,,,
9587059,train,36112,0.6,LightGBM,no,100.0,1.0,0.1,,,,,,,,,,
9484635,train,40606,0.6,LightGBM,no,100.0,1.0,0.1,,,,,,,,,,
9128755,train,30393,0.6,LightGBM,no,100.0,1.0,0.1,,,,,,,,,,
8938404,train,20,0.6,LightGBM,no,100.0,1.0,0.1,,,,,,,,,,
9702678,train,33956,0.6,LightGBM,no,100.0,1.0,0.1,,,,,,,,,,
9684072,train,13166,0.6,LightGBM,no,100.0,1.0,0.1,,,,,,,,,,
9433703,train,10576,0.6,LightGBM,no,100.0,1.0,0.1,,,,,,,,,,
9793839,train,62,0.6,LightGBM,no,100.0,1.0,0.1,,,,,,,,,,
9684240,train,12473,0.6,LightGBM,no,100.0,1.0,0.1,,,,,,,,,,
9440507,train,55,0.6,LightGBM,no,100.0,1.0,0.1,,,,,,,,,,
9388420,train,17744,0.6,LightGBM,no,100.0,1.0,0.1,,,,,,,,,,
9457692,train,40298,0.6,LightGBM,no,100.0,1.0,0.1,,,,,,,,,,
9440556,train,48,0.6,LightGBM,no,100.0,1.0,0.1,,,,,,,,,,
9292541,train,27,0.6,LightGBM,no,100.0,1.0,0.1,,,,,,,,,,
9097017,train,202,0.6,LightGBM,no,100.0,1.0,0.1,,,,,,,,,,
9018225,train,27,0.6,LightGBM,no,100.0,1.0,0.1,,,,,,,,,,
9484579,train,40606,0.6,LightGBM,no,100.0,1.0,0.1,,,,,,,,,,
9087105,train,34,0.6,LightGBM,no,100.0,1.0,0.1,,,,,,,,,,
9432996,train,8182,0.6,LightGBM,no,100.0,1.0,0.1,,,,,,,,,,
9680208,train,47487,0.6,LightGBM,no,100.0,1.0,0.1,,,,,,,,,,
9272752,train,33942,0.6,LightGBM,no,100.0,1.0,0.1,,,,,,,,,,
9516723,train,30400,0.6,LightGBM,no,100.0,1.0,0.1,,,,,,,,,,
9331104,train,15413,0.6,LightGBM,no,100.0,1.0,0.1,,,,,,,,,,
9516702,train,30400,0.6,LightGBM,no,100.0,1.0,0.1,,,,,,,,,,
9516527,train,30400,0.6,LightGBM,no,100.0,1.0,0.1,,,,,,,,,,
8887892,train,33956,0.6,LightGBM,no,100.0,1.0,0.1,,,,,,,,,,
9222422,train,20,0.6,LightGBM,no,100.0,1.0,0.1,,,,,,,,,,
9084760,train,8056,0.6,LightGBM,no,100.0,1.0,0.1,,,,,,,,,,
9128706,train,48334,0.6,LightGBM,no,100.0,1.0,0.1,,,,,,,,,,
9684373,train,12389,0.6,LightGBM,no,100.0,1.0,0.1,,,,,,,,,,
9433829,train,8182,0.6,LightGBM,no,100.0,1.0,0.1,,,,,,,,,,
9489360,train,46731,0.6,LightGBM,no,100.0,1.0,0.1,,,,,,,,,,
9292534,train,27,0.6,LightGBM,no,100.0,1.0,0.1,,,,,,,,,,
9407712,train,48943,0.6,LightGBM,no,100.0,1.0,0.1,,,,,,,,,,
9587010,train,36098,0.6,LightGBM,no,100.0,1.0,0.1,,,,,,,,,,
9128384,train,48334,0.6,LightGBM,no,100.0,1.0,0.1,,,,,,,,,,
9271702,train,47494,0.6,LightGBM,no,100.0,1.0,0.1,,,,,,,,,,
9489472,train,46773,0.6,LightGBM,no,100.0,1.0,0.1,,,,,,,,,,
9262112,train,36070,0.6,LightGBM,no,100.0,1.0,0.1,,,,,,,,,,
9327520,train,251,0.6,LightGBM,no,100.0,1.0,0.1,,,,,,,,,,
9684933,train,15497,0.6,LightGBM,no,100.0,1.0,0.1,,,,,,,,,,
9587143,train,36084,0.6,LightGBM,no,100.0,1.0,0.1,,,,,,,,,,
9433563,train,7258,0.6,LightGBM,no,100.0,1.0,0.1,,,,,,,,,,
9516765,train,36014,0.6,LightGBM,no,100.0,1.0,0.1,,,,,,,,,,
9128650,train,48334,0.6,LightGBM,no,100.0,1.0,0.1,,,,,,,,,,
9377255,train,34,0.6,LightGBM,no,100.0,1.0,0.1,,,,,,,,,,
9327576,train,1490,0.6,LightGBM,no,100.0,1.0,0.1,,,,,,,,,,
9084690,train,10618,0.6,LightGBM,no,100.0,1.0,0.1,,,,,,,,,,
9272591,train,33956,0.6,LightGBM,no,100.0,1.0,0.1,,,,,,,,,,
9433213,train,6698,0.6,LightGBM,no,100.0,1.0,0.1,,,,,,,,,,
9084704,train,9967,0.6,LightGBM,no,100.0,1.0,0.1,,,,,,,,,,
9097423,train,23750,0.6,LightGBM,no,100.0,1.0,0.1,,,,,,,,,,
9489430,train,46738,0.6,LightGBM,no,100.0,1.0,0.1,,,,,,,,,,
9097318,train,22784,0.6,LightGBM,no,100.0,1.0,0.1,,,,,,,,,,
9272675,train,33956,0.6,LightGBM,no,100.0,1.0,0.1,,,,,,,,,,
9076892,train,40298,0.6,LightGBM,no,100.0,1.0,0.1,,,,,,,,,,
9484663,train,44904,0.6,LightGBM,no,100.0,1.0,0.1,,,,,,,,,,
9433318,train,7573,0.6,LightGBM,no,100.0,1.0,0.1,,,,,,,,,,
9076808,train,40424,0.6,LightGBM,no,100.0,1.0,0.1,,,,,,,,,,
9094336,train,46745,0.6,LightGBM,no,100.0,1.0,0.1,,,,,,,,,,
9084620,train,9967,0.6,LightGBM,no,100.0,1.0,0.1,,,,,,,,,,
9094441,train,46731,0.6,LightGBM,no,100.0,1.0,0.1,,,,,,,,,,
9344453,train,22763,0.6,LightGBM,no,100.0,1.0,0.1,,,,,,,,,,
9085159,train,8056,0.6,LightGBM,no,100.0,1.0,0.1,,,,,,,,,,
9407810,train,48929,0.6,LightGBM,no,100.0,1.0,0.1,,,,,,,,,,
9167920,train,209,0.6,LightGBM,no,100.0,1.0,0.1,,,,,,,,,,
8887703,train,33942,0.6,LightGBM,no,100.0,1.0,0.1,,,,,,,,,,
9433458,train,9701,0.6,LightGBM,no,100.0,1.0,0.1,,,,,,,,,,
9837267,train,146,0.6,LightGBM,no,100.0,1.0,0.1,,,,,,,,,,
9128342,train,30400,0.6,LightGBM,no,100.0,1.0,0.1,,,,,,,,,,
9128580,train,30400,0.6,LightGBM,no,100.0,1.0,0.1,,,,,,,,,,
9407775,train,48733,0.6,LightGBM,no,100.0,1.0,0.1,,,,,,,,,,
9586968,train,36084,0.6,LightGBM,no,100.0,1.0,0.1,,,,,,,,,,
9680299,train,47508,0.6,LightGBM,no,100.0,1.0,0.1,,,,,,,,,,
9027409,train,18570,0.6,LightGBM,no,100.0,1.0,0.1,,,,,,,,,,
9433171,train,10618,0.6,LightGBM,no,100.0,1.0,0.1,,,,,,,,,,
9433136,train,8700,0.6,LightGBM,no,100.0,1.0,0.1,,,,,,,,,,
9725757,train,27,0.6,LightGBM,no,100.0,1.0,0.1,,,,,,,,,,
9086979,train,76,0.6,LightGBM,no,100.0,1.0,0.1,,,,,,,,,,
9094294,train,46745,0.6,LightGBM,no,100.0,1.0,0.1,,,,,,,,,,
9702769,train,33935,0.6,LightGBM,no,100.0,1.0,0.1,,,,,,,,,,
9097157,train,216,0.6,LightGBM,no,100.0,1.0,0.1,,,,,,,,,,
9433381,train,8182,0.6,LightGBM,no,100.0,1.0,0.1,,,,,,,,,,
9123218,train,34,0.6,LightGBM,no,100.0,1.0,0.1,,,,,,,,,,
9433038,train,9876,0.6,LightGBM,no,100.0,1.0,0.1,,,,,,,,,,
9684422,train,15301,0.6,LightGBM,no,100.0,1.0,0.1,,,,,,,,,,
9866366,train,17744,0.6,LightGBM,no,100.0,1.0,0.1,,,,,,,,,,
9087161,train,55,0.6,LightGBM,no,100.0,1.0,0.1,,,,,,,,,,
9344278,train,23750,0.6,LightGBM,no,100.0,1.0,0.1,,,,,,,,,,
9085285,train,9967,0.6,LightGBM,no,100.0,1.0,0.1,,,,,,,,,,
9516751,train,30393,0.6,LightGBM,no,100.0,1.0,0.1,,,,,,,,,,
9085033,train,7727,0.6,LightGBM,no,100.0,1.0,0.1,,,,,,,,,,
9051188,train,40564,0.6,LightGBM,no,100.0,1.0,0.1,,,,,,,,,,
9330880,train,11220,0.6,LightGBM,no,100.0,1.0,0.1,,,,,,,,,,
9327548,train,1196,0.6,LightGBM,no,100.0,1.0,0.1,,,,,,,,,,
9516800,train,30414,0.6,LightGBM,no,100.0,1.0,0.1,,,,,,,,,,
9097080,train,216,0.6,LightGBM,no,100.0,1.0,0.1,,,,,,,,,,
9484516,train,40564,0.6,LightGBM,no,100.0,1.0,0.1,,,,,,,,,,
9484502,train,40564,0.6,LightGBM,no,100.0,1.0,0.1,,,,,,,,,,
9084774,train,10576,0.6,LightGBM,no,100.0,1.0,0.1,,,,,,,,,,
9433115,train,9876,0.6,LightGBM,no,100.0,1.0,0.1,,,,,,,,,,
9388567,train,18570,0.6,LightGBM,no,100.0,1.0,0.1,,,,,,,,,,
9128433,train,30400,0.6,LightGBM,no,100.0,1.0,0.1,,,,,,,,,,
8950815,train,55,0.6,LightGBM,no,100.0,1.0,0.1,,,,,,,,,,
9837288,train,272,0.6,LightGBM,no,100.0,1.0,0.1,,,,,,,,,,
9457643,train,45072,0.6,LightGBM,no,100.0,1.0,0.1,,,,,,,,,,
9272486,train,33935,0.6,LightGBM,no,100.0,1.0,0.1,,,,,,,,,,
9128601,train,30414,0.6,LightGBM,no,100.0,1.0,0.1,,,,,,,,,,
9433241,train,9701,0.6,LightGBM,no,100.0,1.0,0.1,,,,,,,,,,
9097227,train,23869,0.6,LightGBM,no,100.0,1.0,0.1,,,,,,,,,,
9516695,train,36014,0.6,LightGBM,no,100.0,1.0,0.1,,,,,,,,,,
9433633,train,7727,0.6,LightGBM,no,100.0,1.0,0.1,,,,,,,,,,
